step,max_kl,lr,rollout_time,horizon,speed,speed_rl,speed_rl_std,speed_human,collisions,collisions_human,fuel,circumference,reward_mean,value_mean,ret_mean,adv_mean,explained_variance,rollout_end_time,value_loss,policy_loss,final_policy_loss,i_scale,kl,entropy,gd_time,total_time
0,0.01,0.0001,14.6623,2000,7.20813,7.30124,4.02292,7.20574,0,0,1811.76,640,-0.00311704,-3.06462e-05,1.80298,1.80301,6.47899e-05,0.0620499,8.53889,-1.80301,-1.83179,0,0.00528163,2.88507,0.271911,16.9433
1,0.01,0.0001,9.29724,530,7.70814,7.66314,3.5398,7.70929,2,1,431.875,640,-2.03773e-05,0.000930851,0.636347,0.635416,-1.79685e-05,0.0625072,0.98176,-0.626593,-0.6307,0,0.00482021,2.88534,0.161529,40.7184
2,0.01,0.0001,14.7757,2000,7.16714,7.23804,3.65538,7.16532,0,0,1728.87,640,0.000182993,0.00131214,0.593832,0.59252,-0.000315206,0.0764158,0.846762,-0.564027,-0.570581,0,0.00491641,2.87897,0.184304,56.6666
3,0.01,0.0001,14.9832,2000,7.18425,7.20657,4.0355,7.18368,0,0,1869.54,640,0.000113044,0.00249373,0.571892,0.569399,-0.000413231,0.0816951,0.938353,-0.569399,-0.576309,0,0.00521206,2.87478,0.181036,72.1362
4,0.01,0.0001,10.5932,515,7.47039,7.55362,3.78643,7.46826,2,1,452.736,640,-0.00017308,0.0032684,0.584149,0.58088,-0.00016822,0.0679445,1.13772,-0.609233,-0.615429,0,0.00540525,2.86239,0.210974,96.4621
5,0.01,0.0001,13.1843,1516.5,7.33587,7.41013,3.86951,7.33397,2,1,1332.41,640,0.000106456,0.00362779,0.623344,0.619716,-0.00048093,0.0664591,1.09037,-0.577312,-0.584928,0,0.00561589,2.85461,0.219806,120.525
6,0.01,0.0001,12.4119,1252.5,7.29324,7.33446,3.92541,7.29218,1,0.5,1153.29,640,-2.78049e-05,0.00439789,0.56619,0.561793,-0.000451016,0.068239,0.991498,-0.592029,-0.599301,0,0.00524989,2.85429,0.194701,135.408
7,0.01,0.0001,14.0667,1514,7.26934,7.27961,4.01088,7.26908,2,1,1418.12,640,3.28871e-05,0.00554394,0.565222,0.559678,-0.000534989,0.0895486,1.36224,-0.732989,-0.738268,0,0.00484741,2.85352,0.235892,163.615
8,0.01,0.0001,14.0719,1775,7.70303,7.86454,3.24318,7.69889,1,0.5,1350.04,640,0.000365167,0.00586321,0.860386,0.854523,-0.000522606,0.0772816,1.31876,-0.804504,-0.812239,0,0.00458046,2.85361,0.200476,178.704
9,0.01,0.0001,16.3353,2000,7.50332,7.58653,3.22669,7.50119,0,0,1545.19,640,0.000188221,0.00705025,0.679364,0.672313,-0.000605501,0.088367,1.13786,-0.672313,-0.6795,0,0.00505984,2.84665,0.190289,195.483
10,0.01,0.0001,14.7981,2000,7.42359,7.31481,3.0003,7.42638,0,0,1496.06,640,6.57603e-05,0.00788147,0.562552,0.554671,-0.000616605,0.11395,1.00106,-0.554671,-0.563619,0,0.00575624,2.8344,0.365319,210.992
11,0.01,0.0001,15.639,2000,7.39141,7.39774,3.7115,7.39125,0,0,1716.24,640,0.000157781,0.00870208,0.652384,0.643682,-0.000821387,0.138548,1.13238,-0.643682,-0.650558,0,0.00522459,2.82467,0.386077,227.392
12,0.01,0.0001,13.4031,1538,7.33123,7.39888,3.42946,7.3295,2,1,1226.81,640,-2.42453e-05,0.00956942,0.534685,0.525116,-0.000921044,0.1335,1.04157,-0.598118,-0.602601,0,0.00579961,2.81032,0.405024,256.736
13,0.01,0.0001,13.4709,1515,7.48085,7.61951,3.39262,7.47729,1,0.5,1172.1,640,5.92618e-05,0.00994658,0.636149,0.626203,-0.000864528,0.091522,0.933286,-0.488698,-0.493471,0,0.00609471,2.78716,0.192368,283.82
14,0.01,0.0001,14.6339,2000,7.21501,7.22706,3.59788,7.21471,0,0,1728.46,640,-1.52943e-06,0.0108163,0.503651,0.492835,-0.00123184,0.100986,1.00595,-0.573494,-0.582461,0,0.00518201,2.78569,0.364565,299.248
15,0.01,0.0001,12.9425,1063,7.28454,6.97537,4.05746,7.29246,2,1,944.602,640,-0.000363531,0.0121188,0.299899,0.28778,-0.00104862,0.0935025,0.922867,-0.436856,-0.443699,0,0.00583704,2.79749,0.205781,327.433
16,0.01,0.0001,15.0296,2000,7.28172,7.382,3.90033,7.27915,0,0,1794.6,640,9.41619e-05,0.0124819,0.594769,0.582288,-0.00141986,0.0978074,1.0327,-0.613565,-0.621795,0,0.0052506,2.79396,0.208968,343.388
17,0.01,0.0001,8.73711,0,0,0,0,0,0,0,0,640,-0.000577487,0.0138005,0.415366,0.401566,-0.000810431,0.10695,1.05201,-0.497336,-0.504072,0,0.00517131,2.79991,0.22985,367.57
18,0.01,0.0001,12.4554,1000,3.62925,3.63191,1.88495,3.62918,0,0,883.354,640,-0.000235383,0.0141966,0.512185,0.497989,-0.00118199,0.119746,1.13593,-0.489658,-0.493852,0,0.00504047,2.79725,0.406484,413.506
19,0.01,0.0001,11.1095,764.5,7.4881,6.26675,3.02432,7.51716,2,1,677.638,640,-0.000236783,0.0148294,0.507983,0.493154,-0.00109478,0.0989937,1.0774,-0.450904,-0.45615,0,0.00559484,2.80386,0.642958,447.367
20,0.01,0.0001,11.6072,859.667,7.55134,5.92193,2.47753,7.58739,2,1,755.739,640,-0.000214183,0.0157508,0.50903,0.49328,-0.00121232,0.162499,1.179,-0.57875,-0.58446,0,0.0051585,2.79799,0.277386,482.884
21,0.01,0.0001,12.1151,1011.33,7.3214,7.43782,4.0266,7.31842,2,1,922.737,640,-0.000101205,0.0165914,0.551492,0.534901,-0.00138828,0.126157,1.04071,-0.478773,-0.484415,0,0.00510535,2.79943,0.252565,532.412
22,0.01,0.0001,11.4704,635.5,5.58948,4.21282,2.04098,5.61648,1,0.5,572.094,640,-0.000363098,0.017444,0.431944,0.4145,-0.00134617,0.135442,1.19113,-0.486455,-0.489877,0,0.00464222,2.79521,0.398799,640.895
23,0.01,0.0001,9.33467,178.091,2.70063,2.2146,1.16211,2.71135,0.727273,0.363636,171.423,640,-0.000342512,0.0181883,0.515615,0.497427,-0.00120576,0.133688,1.24093,-0.462238,-0.46506,0,0.00586195,2.7711,0.585653,836.907
24,0.01,0.0001,8.55794,110.909,1.02313,0.765508,0.387357,1.0274,0.272727,0.136364,106.692,640,-0.000567729,0.0190815,0.433289,0.414207,-0.00121281,0.16816,1.28285,-0.523172,-0.524337,0,0.0049277,2.77856,1.71849,1592.81
25,0.01,0.0001,8.39359,33.5402,0.507469,0.443581,0.239806,0.508594,0.137931,0.0689655,32.5391,640,-0.000400126,0.0199515,0.518972,0.49902,-0.00126062,0.186456,1.40344,-0.638734,-0.64055,0,0.00576133,2.81715,0.908474,1930.89
26,0.01,0.0001,8.59236,63.2105,0.970626,0.846893,0.468636,0.973602,0.263158,0.131579,61.3629,640,-0.000185976,0.0208631,0.635631,0.614768,-0.0012821,0.214756,1.38383,-0.669751,-0.672289,0,0.00414982,2.81871,0.587997,2114.17
27,0.01,0.0001,9.25353,128,2.37461,,,2.37891,0.631579,0.315789,125.324,640,-5.72133e-05,0.0218104,0.68869,0.66688,-0.0013629,0.224077,1.37433,-0.704666,-0.707845,0,0.00579463,2.78826,0.945008,2216.94
28,0.01,0.0001,9.69776,347.6,3.77315,2.7296,1.32122,3.79505,0.8,0.4,330.804,640,-1.57415e-05,0.0228483,0.689269,0.666421,-0.00155139,0.269972,1.34834,-0.607323,-0.609268,0,0.00480218,2.79986,0.97765,2590.61
29,0.01,0.0001,8.70723,96.9512,0.70755,0.725109,0.393474,0.7071,0.146341,0.0731707,90.4246,640,-0.000245585,0.0238286,0.5995,0.575672,-0.00152281,0.294858,1.37652,-0.631758,-0.633619,0,0.00543676,2.80391,1.04994,2935.83
30,0.01,0.0001,8.58414,52.2105,0.57125,0.582848,0.313906,0.570953,0.157895,0.0789474,49.5418,640,-0.000207195,0.0248819,0.621068,0.596186,-0.00158653,0.268031,1.38367,-0.627021,-0.629701,0,0.00453489,2.8023,0.785594,3159.44
31,0.01,0.0001,8.41783,96.04,1.16267,1.21978,0.704392,1.16121,0.32,0.16,94.8313,640,-0.000218946,0.0259855,0.616838,0.590853,-0.00168823,0.32239,1.42608,-0.653035,-0.655227,0,0.00451317,2.79864,0.871783,3414.16
32,0.01,0.0001,8.62831,85.5,1.03287,1.09014,0.627032,1.0314,0.285714,0.142857,85.9416,640,-0.00014792,0.0270839,0.660796,0.633712,-0.00166717,0.333386,1.37065,-0.591587,-0.592725,0,0.00456448,2.80375,2.01599,4222.43
33,0.01,0.0001,8.18601,25.7391,0.392368,0.420722,0.237174,0.391642,0.108696,0.0543478,25.7782,640,-0.000287435,0.0282196,0.590321,0.562101,-0.00184729,0.398413,1.44181,-0.6828,-0.68552,0,0.00526511,2.78729,0.925252,4493.11
34,0.01,0.0001,8.28977,81,0.719005,0.757563,0.428219,0.718018,0.2,0.1,80.5504,640,-0.000126085,0.0293824,0.667654,0.638272,-0.00193368,0.425198,1.40694,-0.646231,-0.647848,0,0.00478508,2.77856,1.37119,4944.74
35,0.01,0.0001,8.45298,68.18,0.863909,0.897929,0.509847,0.863038,0.24,0.12,68.076,640,-0.000145372,0.0305769,0.655325,0.624748,-0.00199015,0.424599,1.37136,-0.60097,-0.602838,0,0.00522117,2.78867,1.37509,5441.45
36,0.01,0.0001,7.82687,32.569,0.374439,0.399686,0.220641,0.373793,0.103448,0.0517241,32.084,640,-0.000266063,0.031825,0.596352,0.564527,-0.0021534,0.47246,1.46609,-0.700327,-0.703107,0,0.00442161,2.78251,1.09878,5676.4
37,0.01,0.0001,8.58206,95.32,1.15125,1.23001,0.6928,1.14924,0.32,0.16,96.3702,640,-6.31767e-05,0.0330536,0.705681,0.672627,-0.00212442,0.516512,1.47065,-0.701503,-0.703964,0,0.00582758,2.7603,1.34347,5983.27
38,0.01,0.0001,8.76212,91.0625,1.15277,1.02551,0.541117,1.15551,0.3125,0.15625,90.2842,640,-5.71319e-05,0.0343286,0.705571,0.671243,-0.00215361,0.538457,1.40776,-0.663073,-0.666144,0,0.00607879,2.72556,0.899233,6118.52
39,0.01,0.0001,8.7525,174.357,1.53722,1.60455,0.886783,1.5355,0.428571,0.214286,167.373,640,-0.000151599,0.0357269,0.646923,0.611196,-0.002414,0.554707,1.40026,-0.627069,-0.628844,0,0.00592126,2.71253,1.57612,6617.99
40,0.01,0.0001,8.06882,42.2143,0.517265,0.555373,0.312447,0.51629,0.142857,0.0714286,41.6157,640,-0.000214301,0.0370332,0.624433,0.5874,-0.00247085,0.559441,1.50352,-0.726193,-0.728997,0,0.00527242,2.70029,1.02112,6820.53
41,0.01,0.0001,8.80527,114.095,1.7067,1.81293,1.04911,1.70398,0.47619,0.238095,116.58,640,2.38469e-05,0.0384011,0.747957,0.709555,-0.00239578,0.575849,1.44595,-0.67706,-0.679583,0,0.00700605,2.67252,1.34635,7204.76
42,0.01,0.0001,8.71141,61.025,0.724739,0.755021,0.421693,0.723964,0.2,0.1,59.741,640,-9.31953e-05,0.0398036,0.689837,0.650033,-0.00256917,0.604101,1.38885,-0.623288,-0.62535,0,0.00502941,2.69473,1.27261,7513.21
43,0.01,0.0001,8.12104,70.4412,0.8499,0.899095,0.504968,0.848641,0.235294,0.117647,68.5375,640,-0.000207665,0.0413094,0.626531,0.585221,-0.00279597,0.633898,1.52121,-0.749033,-0.752068,0,0.00439093,2.69899,1.01911,7651.72
44,0.01,0.0001,8.77866,168.786,2.08015,2.21395,1.28187,2.07672,0.571429,0.285714,168.348,640,3.14844e-05,0.0427736,0.754713,0.71194,-0.00273535,0.62214,1.43884,-0.661457,-0.663102,0,0.00551178,2.68075,2.03756,8312.07
45,0.01,0.0001,9.55365,0,0,0,0,0,0,0,0,640,-0.00736894,0.0456982,2.60003,2.55433,-0.000318258,0.0912662,1.65047,-0.727175,-0.72878,0,0.00512853,2.68134,0.89995,
46,0.01,0.0001,7.36018,39.9833,0.598072,0.63514,0.354054,0.597124,0.166667,0.0833333,40.278,640,-2.76903e-06,0.0458558,0.70975,0.663895,-0.00313613,0.0734083,1.46467,-0.711982,-0.714535,0,0.00482115,2.69676,0.545703,
47,0.01,0.0001,7.3733,92.4615,1.11229,1.18137,0.670636,1.11052,0.307692,0.153846,92.3521,640,-2.07663e-05,0.0474743,0.718533,0.671059,-0.00327191,0.111915,1.56378,-0.800778,-0.80347,0,0.00480625,2.72702,0.404147,
48,0.01,0.0001,8.73751,187.692,1.68254,1.7442,0.94876,1.68096,0.461538,0.230769,177.449,640,0.000162417,0.0490736,0.818739,0.769665,-0.00332875,0.120642,1.57632,-0.822647,-0.826501,0,0.00556792,2.76147,0.32678,
49,0.01,0.0001,8.76812,246.6,3.67567,3.76794,2.02535,3.67331,1,0.5,230.584,640,0.000235345,0.0507625,0.846113,0.795351,-0.00338229,0.133967,1.52355,-0.856076,-0.860427,0,0.00317459,2.7614,0.302714,
50,0.01,0.0001,9.95415,630.5,3.65792,3.69231,1.83062,3.65704,0.5,0.25,564.219,640,0.000345428,0.0526794,0.892617,0.839938,-0.00411023,0.140765,1.53769,-0.861224,-0.867795,0,0.00543425,2.7268,0.264804,
51,0.01,0.0001,9.58903,671,5.05518,3.06811,1.53249,5.10225,0.666667,0.333333,636.435,640,0.000316011,0.0547425,0.877115,0.822373,-0.00446356,0.173918,1.51986,-0.836345,-0.841247,0,0.00504973,2.74273,0.329983,
52,0.01,0.0001,10.6011,902.8,4.38564,4.45692,2.24581,4.38382,0.4,0.2,795.26,640,0.000356984,0.0562887,0.879211,0.822923,-0.00468672,0.166759,1.44165,-0.908972,-0.917122,0,0.00453955,2.75412,0.237111,
53,0.01,0.0001,9.93777,16,7.97789,2.49977,0.648074,8.10979,2,1,15.1233,640,-4.3685e-05,0.0599479,0.673047,0.613099,-0.00356353,0.167889,1.48164,-0.861011,-0.866724,0,0.00421374,2.75033,0.260809,
54,0.01,0.0001,13.8105,2000,7.32617,7.33712,3.42609,7.32589,0,0,1627.38,640,0.000668236,0.0606323,1.02195,0.961315,-0.00591771,0.162835,1.51513,-0.93667,-0.944392,0,0.00424794,2.735,0.234487,
55,0.01,0.0001,13.8488,2000,7.40799,7.31764,3.36085,7.4103,0,0,1623.26,640,0.000620765,0.0634499,0.979201,0.91575,-0.00504103,0.165093,1.5522,-0.91575,-0.924366,0,0.00489346,2.71705,0.231391,
56,0.01,0.0001,14.5506,2000,7.47338,7.3641,3.1235,7.47619,0,0,1528.69,640,0.000620719,0.065476,0.983972,0.918495,-0.00517462,0.172917,1.55859,-0.918495,-0.925704,0,0.00402255,2.7268,0.22988,
57,0.01,0.0001,13.1035,2000,7.92117,7.82255,2.1367,7.9237,0,0,1244.76,640,0.000934336,0.0672243,1.29056,1.22333,-0.00366208,0.193803,2.28031,-1.22333,-1.23089,0,0.00430708,2.73223,0.242092,
58,0.01,0.0001,13.7436,2000,8.03504,7.93909,2.18023,8.0375,0,0,1276.11,640,0.00107498,0.0693833,1.4176,1.34821,-0.00275365,0.181002,2.65353,-1.34821,-1.36352,0,0.00629557,2.69425,0.249702,
59,0.01,0.0001,14.5942,2000,7.91581,7.78882,2.00451,7.91907,0,0,1217.4,640,0.000920037,0.0718639,1.27499,1.20312,-0.00351237,0.161896,2.19457,-1.20312,-1.21483,0,0.00708222,2.65075,0.250024,
60,0.01,0.0001,13.3604,2000,8.43328,8.42792,0.910203,8.43342,0,0,1076.83,640,0.00121206,0.0739276,1.55952,1.48559,-0.00337599,0.166982,3.15341,-1.48559,-1.49649,0,0.00476184,2.62695,0.243007,
61,0.01,0.0001,13.9505,2000,8.04076,8.00171,1.6319,8.04176,0,0,1160.23,640,0.000984071,0.0765396,1.34529,1.26875,-0.0041086,0.152993,2.34718,-1.26875,-1.27847,0,0.00419425,2.62194,0.21854,
62,0.01,0.0001,14.0655,2000,8.41443,8.40442,0.613881,8.41468,0,0,1059.64,640,0.00123345,0.0789122,1.58173,1.50282,-0.00237642,0.20955,3.24319,-1.50282,-1.51945,0,0.00822999,2.55242,0.270334,
63,0.01,0.0001,18.2085,2000,8.57997,8.59742,0.518861,8.57952,0,0,1123.35,640,0.00133104,0.0816514,1.6746,1.59295,-0.0028907,0.172044,3.58974,-1.59295,-1.60791,0,0.00686845,2.50708,0.227333,
64,0.01,0.0001,13.7936,2000,8.10388,7.9881,1.16804,8.10685,0,0,1048.9,640,0.000935214,0.0848049,1.29686,1.21205,-0.00353257,0.168519,2.20155,-1.21205,-1.2241,0,0.00585624,2.49455,0.236252,
65,0.01,0.0001,13.107,2000,8.59099,8.5956,0.554599,8.59088,0,0,1028.49,640,0.00126837,0.0872806,1.6133,1.52602,-0.00349094,0.222622,3.34122,-1.52602,-1.53976,0,0.00622012,2.51388,0.243858,
66,0.01,0.0001,13.3602,2000,8.23021,8.17215,1.37524,8.2317,0,0,1040.1,640,0.00099539,0.0903761,1.35462,1.26424,-0.00392194,0.173279,2.37214,-1.26424,-1.27365,0,0.00572026,2.50312,0.241347,
67,0.01,0.0001,13.5127,2000,7.82829,7.78052,2.63348,7.82951,0,0,1399.26,640,0.000749424,0.0937544,1.12305,1.02929,-0.00540562,0.160905,1.73347,-1.02929,-1.04002,0,0.00442146,2.51669,0.318522,
68,0.01,0.0001,15.04,2000,7.78751,7.74708,2.45429,7.78855,0,0,1313.31,640,0.000718404,0.0966522,1.09421,0.997557,-0.00757698,0.178158,1.59155,-0.997557,-1.00456,0,0.00554211,2.55263,0.260443,
69,0.01,0.0001,10.9044,1030,7.53723,7.63918,3.39205,7.53462,2,1,776.195,640,0.000324076,0.100404,0.80695,0.706546,-0.00892524,0.184438,1.37743,-0.841307,-0.845513,0,0.00499247,2.52274,0.265343,
70,0.01,0.0001,14.1823,2000,7.55129,7.49276,2.82409,7.55279,0,0,1448.66,640,0.00052255,0.101621,0.911373,0.809752,-0.00868995,0.18013,0.99293,-0.676116,-0.683371,0,0.00576176,2.47011,0.250983,
71,0.01,0.0001,15.736,2000,7.6791,7.69624,2.67087,7.67866,0,0,1373.57,640,0.000611776,0.105937,1.0026,0.896664,-0.00811954,0.170001,1.41708,-0.896664,-0.907307,0,0.00600457,2.46618,0.256279,
72,0.01,0.0001,13.8412,2000,7.34498,7.37784,3.50861,7.34413,0,0,1664.56,640,0.000482398,0.109303,0.875848,0.766548,-0.0123112,0.192006,1.14296,-0.766548,-0.774731,0,0.00532295,2.4797,0.257206,
73,0.01,0.0001,13.6028,2000,7.39453,7.47026,3.40273,7.39258,0,0,1603.3,640,0.000514526,0.112134,0.909284,0.797154,-0.0128916,0.186884,1.19187,-0.797154,-0.805911,0,0.00554563,2.48319,0.249203,
74,0.01,0.0001,8.07776,8,7.96545,2.91229,0.3,8.07919,2,1,6.38572,640,-0.000235277,0.115912,0.541262,0.42535,-0.00764522,0.207173,1.21911,-0.724833,-0.730055,0,0.00609007,2.4325,0.282876,
75,0.01,0.0001,13.2958,1841.33,7.41532,7.46227,3.3656,7.41411,0.666667,0.333333,1473,640,0.000420875,0.116074,0.835104,0.719031,-0.0114505,0.19536,0.851754,-0.547038,-0.552908,0,0.00556629,2.44371,0.24279,
76,0.01,0.0001,8.972,494,7.35703,7.50843,4.17017,7.35316,2,1,453.145,640,4.65422e-05,0.121457,0.657169,0.535712,-0.00882769,0.176981,0.939081,-0.525226,-0.53204,0,0.00535257,2.46441,0.312891,
77,0.01,0.0001,9.9357,767.5,3.60069,3.59618,1.85672,3.60081,1,0.5,673.312,640,3.89352e-05,0.122719,0.637119,0.5144,-0.0113062,0.18966,1.03713,-0.549059,-0.55322,0,0.0058097,2.43281,0.320668,
78,0.01,0.0001,10.1803,595.8,4.34413,4.44819,2.48073,4.34147,0.8,0.4,546.363,640,1.60747e-05,0.124763,0.649876,0.525115,-0.0104343,0.196563,1.06484,-0.439086,-0.442308,0,0.00576266,2.38486,0.454886,
79,0.01,0.0001,8.14387,226.154,2.23882,2.33125,1.25667,2.23645,0.615385,0.307692,211.722,640,-0.000332488,0.127443,0.507151,0.379707,-0.00998859,0.191993,0.994505,-0.317117,-0.319032,0,0.00580638,2.43168,0.852921,
80,0.01,0.0001,7.16682,46.38,0.720003,0.787511,0.43479,0.718276,0.2,0.1,47.4707,640,-0.000504672,0.130297,0.418505,0.288208,-0.0104285,0.242336,0.996152,-0.375025,-0.376777,0,0.00439548,2.45616,0.881857,
81,0.01,0.0001,7.36285,68.6765,1.27697,1.15644,0.630895,1.27897,0.352941,0.176471,69.6729,640,-0.000366608,0.132793,0.478624,0.345831,-0.0109482,0.273525,1.01655,-0.402808,-0.405171,0,0.00566028,2.42003,0.802104,
82,0.01,0.0001,7.80275,105.63,1.06699,1.14175,0.62316,1.06507,0.296296,0.148148,104.165,640,-0.000336565,0.135241,0.492794,0.357553,-0.0110843,0.271595,0.972613,-0.334323,-0.335366,0,0.00433338,2.44026,1.32828,
83,0.01,0.0001,7.20275,36.0606,0.649584,0.581737,0.326604,0.650863,0.181818,0.0909091,37.3327,640,-0.00042477,0.137727,0.451737,0.31401,-0.0115112,0.307467,1.051,-0.423062,-0.424257,0,0.00379753,2.45172,1.48643,
84,0.01,0.0001,7.18224,43.6226,0.683827,0.746181,0.405806,0.682232,0.188679,0.0943396,43.6436,640,-0.000280544,0.13995,0.531983,0.392032,-0.0110614,0.324181,1.0899,-0.473399,-0.475502,0,0.00497703,2.44962,0.937741,
85,0.01,0.0001,7.47465,71.9091,1.09137,1.16666,0.64087,1.08944,0.30303,0.151515,71.9248,640,-0.000197082,0.142144,0.580394,0.43825,-0.0111206,0.359623,1.13222,-0.631128,-0.63636,0,0.00546567,2.44963,0.496378,
86,0.01,0.0001,10.0498,740.75,7.2398,7.44674,4.04648,7.23451,2,1,703.836,640,0.00035614,0.144319,0.820173,0.675854,-0.0120333,0.356025,1.31159,-0.714939,-0.719119,0,0.0050757,2.48811,0.5081,
87,0.01,0.0001,8.68368,320.5,2.47646,2.61916,1.33973,2.4728,0.666667,0.333333,277.455,640,0.00024538,0.146436,0.814687,0.668251,-0.0110833,0.377873,1.08891,-0.563562,-0.567554,0,0.00533492,2.473,0.52561,
88,0.01,0.0001,10.0123,642.714,4.1933,4.25085,2.24648,4.19183,1.14286,0.571429,558.354,640,0.000211068,0.14896,0.761506,0.612546,-0.0118184,0.368748,1.48571,-0.886576,-0.893399,0,0.0072072,2.45388,0.4598,
89,0.01,0.0001,8.42703,491.5,3.62362,3.70817,1.98129,3.62145,1,0.5,465.699,640,-2.51458e-06,0.152461,0.665412,0.512951,-0.0126188,0.379981,1.13887,-0.615688,-0.621262,0,0.00533267,2.4243,0.472146,
90,0.01,0.0001,9.51268,620.75,5.53818,5.68427,3.01036,5.53444,1.5,0.75,571.325,640,0.000318228,0.153975,0.822785,0.668809,-0.0124754,0.378968,1.12669,-0.633161,-0.637,0,0.00591781,2.38741,0.46359,
91,0.01,0.0001,10.2041,497.2,4.3426,4.46167,2.30526,4.33955,1.2,0.6,464.444,640,0.00022877,0.156718,0.759445,0.602727,-0.0133434,0.373284,1.11777,-0.630918,-0.634451,0,0.00605811,2.35437,0.527724,
92,0.01,0.0001,9.18892,492,4.4002,4.53467,2.37765,4.39676,1.2,0.6,449.636,640,0.00025366,0.159272,0.783695,0.624423,-0.0136798,0.387809,1.01922,-0.656221,-0.662631,0,0.00488197,2.397,0.469364,
93,0.01,0.0001,12.9014,1728.5,7.32915,7.45109,3.72504,7.32603,1,0.5,1531.23,640,0.000632434,0.162575,0.976718,0.814145,-0.0170782,0.382277,1.27159,-0.808758,-0.813884,0,0.00538111,2.36926,0.467648,
94,0.01,0.0001,13.1643,1000,3.55727,3.55654,1.91346,3.55729,0,0,905.101,640,0.00025382,0.165848,0.764587,0.59874,-0.0155693,0.383065,1.08253,-0.650806,-0.655273,0,0.00601341,2.35153,0.515038,
95,0.01,0.0001,10.6108,874.25,5.45119,5.54969,2.83931,5.44866,1.5,0.75,771.344,640,0.00032747,0.167653,0.796959,0.629306,-0.0150535,0.381393,1.16846,-0.709055,-0.714469,0,0.00416973,2.37102,0.500799,
96,0.01,0.0001,13.4691,2000,7.29115,7.3433,3.74618,7.28982,0,0,1764.56,640,0.00062775,0.171254,0.99695,0.825704,-0.0187807,0.376153,1.24023,-0.836127,-0.844277,0,0.00500006,2.37503,0.453019,
97,0.01,0.0001,13.4378,2000,7.66184,7.74945,3.34502,7.6596,0,0,1618.44,640,0.000939498,0.174895,1.28574,1.11085,-0.0152666,0.372767,1.90077,-1.11085,-1.11948,0,0.00568384,2.36636,0.435863,
98,0.01,0.0001,13.3873,2000,7.50355,7.57311,2.93376,7.50176,0,0,1452.35,640,0.000743413,0.178117,1.10061,0.922496,-0.0167361,0.36624,1.40194,-0.922496,-0.932506,0,0.00499493,2.3647,0.449359,
99,0.01,0.0001,13.6186,2000,7.55226,7.60022,3.12661,7.55103,0,0,1520.58,640,0.000800994,0.181559,1.15636,0.974811,-0.0174197,0.407774,1.54839,-0.974811,-0.982661,0,0.00568689,2.37666,0.418437,
100,0.01,0.0001,18.9007,2000,7.15144,7.18966,3.571,7.15046,0,0,1749.25,640,0.000501378,0.186243,0.878724,0.692487,-0.0224143,0.375314,1.00364,-0.692487,-0.699934,0,0.00639491,2.35431,0.454292,
101,0.01,0.0001,12.8086,1515,7.20071,7.26304,3.79193,7.19911,2,1,1354.31,640,0.000433087,0.189768,0.796001,0.606233,-0.0217412,0.432489,0.978754,-0.661529,-0.667528,0,0.00739626,2.30837,0.471862,
102,0.01,0.0001,14.4109,2000,7.13802,7.21881,3.61497,7.13595,0,0,1752.22,640,0.000495514,0.191677,0.879791,0.688122,-0.0224343,0.391597,0.951463,-0.666124,-0.674448,0,0.00530702,2.31697,0.482738,
103,0.01,0.0001,14.1696,2000,7.28747,7.31605,3.29242,7.28674,0,0,1602.49,640,0.000589603,0.196794,0.961717,0.764928,-0.0222869,0.424942,1.11216,-0.764928,-0.771765,0,0.00518813,2.31931,0.565424,
104,0.01,0.0001,14.4625,2000,7.17247,7.18436,3.34012,7.17217,0,0,1650.08,640,0.000484131,0.200759,0.86865,0.667894,-0.0229025,0.383594,0.953188,-0.667894,-0.674868,0,0.00586125,2.25717,0.713853,
105,0.01,0.0001,14.1234,2000,7.25648,7.22006,3.214,7.25741,0,0,1590.06,640,0.000503454,0.204257,0.877258,0.673005,-0.0235923,0.369288,0.955608,-0.673005,-0.681065,0,0.00509762,2.26311,0.499034,
106,0.01,0.0001,11.2075,1013,7.46291,7.49158,3.49524,7.46218,2,1,803.873,640,0.000469372,0.207755,0.901854,0.694099,-0.0174714,0.379737,1.13338,-0.738911,-0.745313,0,0.00619175,2.27683,0.545179,
107,0.01,0.0001,13.549,1757,7.37533,7.43083,3.37196,7.3739,1,0.5,1404.63,640,0.000584805,0.209722,0.954645,0.744927,-0.0225479,0.390622,1.04451,-0.695738,-0.701751,0,0.00531263,2.27792,0.504812,
108,0.01,0.0001,16.8465,2000,7.14638,7.18216,3.45108,7.14547,0,0,1698.23,640,0.000467977,0.213746,0.856106,0.642365,-0.0273613,0.406189,0.851237,-0.607836,-0.616727,0,0.00507037,2.30057,0.484318,
109,0.01,0.0001,13.9414,2000,7.21186,7.12903,3.55961,7.21399,0,0,1734.43,640,0.000451124,0.219992,0.836126,0.616139,-0.025465,0.368402,0.925932,-0.616139,-0.622982,0,0.00493059,2.24434,0.47524,
110,0.01,0.0001,10.9251,986,7.23627,7.41875,3.85581,7.2316,2,1,884.324,640,0.000366318,0.223333,0.80331,0.579977,-0.021342,0.434268,0.901993,-0.577971,-0.583152,0,0.00648339,2.18585,0.546898,
111,0.01,0.0001,11.5524,1251.5,7.38672,7.42483,3.5838,7.38575,1,0.5,1053.06,640,0.000360947,0.225302,0.823463,0.598162,-0.0213896,0.400191,1.03864,-0.629548,-0.634087,0,0.00485083,2.1639,0.53478,
112,0.01,0.0001,12.9075,1489.67,7.35702,7.54351,3.61189,7.35225,0.666667,0.333333,1227.99,640,0.000514674,0.228433,0.942057,0.713629,-0.0233578,0.41266,1.37201,-0.884821,-0.894734,0,0.00503666,2.19168,0.505841,
113,0.01,0.0001,10.2948,506,7.48042,7.5441,3.46477,7.47879,2,1,411.27,640,0.000244884,0.235026,0.76465,0.529624,-0.0209156,0.418571,0.952528,-0.612148,-0.617952,0,0.00606518,2.22706,0.537793,
114,0.01,0.0001,17.9928,2000,7.34011,7.36675,3.17769,7.33943,0,0,1573.69,640,0.000546845,0.236495,0.939217,0.702726,-0.0255092,0.411108,1.14077,-0.741604,-0.748319,0,0.00429723,2.24767,0.502873,
115,0.01,0.0001,14.2447,2000,7.26293,7.2409,3.01837,7.2635,0,0,1522.49,640,0.000485977,0.242986,0.876047,0.633065,-0.0273376,0.388838,0.902593,-0.633065,-0.640183,0,0.00573146,2.23353,0.503079,
116,0.01,0.0001,13.1528,2000,7.40094,7.43655,3.18725,7.40002,0,0,1554.19,640,0.000578841,0.246316,0.978328,0.732015,-0.0243797,0.431156,1.09349,-0.732015,-0.737668,0,0.00425798,2.23194,0.64628,
117,0.01,0.0001,12.9577,2000,7.89877,7.86884,2.34255,7.89954,0,0,1319.8,640,0.000914549,0.248719,1.29009,1.04137,-0.01644,0.397614,1.74475,-1.04137,-1.05012,0,0.00521313,2.26739,0.501541,
118,0.01,0.0001,13.5493,2000,7.54526,7.41235,2.65926,7.54866,0,0,1394.78,640,0.000577296,0.25441,0.968738,0.714325,-0.0211832,0.402025,1.09508,-0.714325,-0.721783,0,0.00386855,2.27759,0.50193,
119,0.01,0.0001,13.0076,2000,7.47156,7.39047,2.77059,7.47364,0,0,1418.48,640,0.000551456,0.258873,0.950747,0.691872,-0.0239207,0.400504,1.02625,-0.691872,-0.699646,0,0.00526452,2.21146,0.504185,
120,0.01,0.0001,13.361,2000,7.51984,7.55535,2.87924,7.51893,0,0,1433.65,640,0.000641975,0.263258,1.04176,0.778503,-0.0237521,0.394557,1.1627,-0.778503,-0.787969,0,0.00615927,2.23588,0.504772,
121,0.01,0.0001,13.5471,2000,7.29139,7.24834,3.25907,7.29249,0,0,1607.23,640,0.000465006,0.269371,0.869406,0.600041,-0.030067,0.406389,0.901287,-0.600041,-0.606383,0,0.00471179,2.22704,0.501506,
122,0.01,0.0001,13.3982,2000,7.20178,7.14186,3.15215,7.20332,0,0,1573.65,640,0.000370224,0.274344,0.77468,0.50034,-0.0333739,0.395939,0.737928,-0.50034,-0.506553,0,0.00441265,2.25007,0.473037,
123,0.01,0.0001,18.797,2000,7.49554,7.5467,3.18676,7.49422,0,0,1536.33,640,0.000682315,0.277537,1.0818,0.804269,-0.0288591,0.395142,1.21229,-0.804269,-0.810805,0,0.00539727,2.30301,0.482842,
124,0.01,0.0001,13.1436,2000,7.25133,7.1942,3.16293,7.2528,0,0,1585.48,640,0.000468791,0.283157,0.874855,0.591704,-0.0322547,0.36923,0.884325,-0.591704,-0.600402,0,0.00696679,2.35336,0.447737,
125,0.01,0.0001,13.6192,2000,7.44834,7.48091,3.42747,7.44751,0,0,1638.81,640,0.000663419,0.287338,1.06449,0.777158,-0.0292921,0.371384,1.20402,-0.777158,-0.786073,0,0.00571739,2.31887,0.4468,
126,0.01,0.0001,12.8959,2000,7.20277,7.24865,3.67822,7.20159,0,0,1769.25,640,0.000487045,0.292955,0.900483,0.607539,-0.0363685,0.394453,0.906718,-0.607539,-0.614917,0,0.00588449,2.27721,0.481929,
127,0.01,0.0001,7.96047,0,0,0,0,0,0,0,0,640,-0.000134729,0.299072,0.565959,0.266887,-0.0232745,0.407438,0.855905,-0.451655,-0.45696,0,0.0048248,2.29563,0.685226,
128,0.01,0.0001,12.1209,1257,7.38035,7.31122,3.63724,7.38212,1,0.5,1107.98,640,0.000318011,0.299895,0.795901,0.496009,-0.0292009,0.383201,0.891012,-0.460151,-0.466343,0,0.00609013,2.23836,0.541763,
129,0.01,0.0001,11.5491,1338.33,7.26107,7.3731,3.6146,7.2582,1.33333,0.666667,1118.01,640,0.000354963,0.303637,0.803811,0.500177,-0.0325792,0.398796,0.848864,-0.585596,-0.592392,0,0.00474568,2.27418,0.516984,
130,0.01,0.0001,13.0887,2000,7.25134,7.21373,3.17697,7.25231,0,0,1563.96,640,0.000426112,0.311072,0.836898,0.525829,-0.039281,0.374123,0.786167,-0.525829,-0.534124,0,0.00571463,2.23516,0.456815,
131,0.01,0.0001,13.1761,2000,7.45206,7.45502,2.74831,7.45199,0,0,1416.48,640,0.000560889,0.314048,0.976637,0.662587,-0.0330121,0.376229,0.960192,-0.662587,-0.67102,0,0.00530736,2.23597,0.51658,
132,0.01,0.0001,18.3996,2000,7.72719,7.69408,2.37162,7.72804,0,0,1306.25,640,0.000769463,0.316698,1.16545,0.848748,-0.0297226,0.401079,1.29598,-0.848748,-0.857513,0,0.00690151,2.23481,0.520565,
133,0.01,0.0001,13.5328,2000,7.25044,7.24784,3.08334,7.25051,0,0,1540.12,640,0.000442737,0.324165,0.866501,0.542341,-0.0404986,0.401611,0.789884,-0.542341,-0.549691,0,0.00544828,2.20714,0.451068,
134,0.01,0.0001,13.4358,2000,7.28074,7.27596,3.1841,7.28086,0,0,1568.1,640,0.000469525,0.329083,0.889692,0.560615,-0.0413622,0.407361,0.828156,-0.560615,-0.567589,0,0.00516792,2.17169,0.530725,
135,0.01,0.0001,13.4009,2000,7.40927,7.41065,2.80311,7.40923,0,0,1437.82,640,0.000591849,0.332958,1.00391,0.670955,-0.0388164,0.417384,0.981761,-0.670955,-0.678922,0,0.00568028,2.20707,0.521612,
136,0.01,0.0001,14.0432,2000,7.49337,7.56953,2.94547,7.49142,0,0,1463.58,640,0.000710896,0.33789,1.1231,0.785224,-0.0368635,0.381894,1.1743,-0.785224,-0.792994,0,0.00530597,2.20954,0.446381,
137,0.01,0.0001,13.6529,2000,7.21723,7.22316,3.17975,7.21708,0,0,1599.73,640,0.000441492,0.344383,0.871562,0.527186,-0.0423881,0.419407,0.80299,-0.527186,-0.533638,0,0.00495296,2.20325,0.61131,
138,0.01,0.0001,10.6949,1020,7.38705,7.39969,3.34304,7.38673,2,1,794.642,640,0.000310186,0.349031,0.755961,0.40693,-0.0360845,0.402559,1.05946,-0.637637,-0.641914,0,0.00520758,2.26406,0.596547,
139,0.01,0.0001,13.8436,2000,7.57649,7.5482,2.57614,7.57722,0,0,1381.62,640,0.000669468,0.349401,1.08506,0.735659,-0.0340204,0.422297,0.962922,-0.659498,-0.666749,0,0.00587982,2.22964,0.494097,
140,0.01,0.0001,14.2006,2000,7.40115,7.36888,2.81117,7.40197,0,0,1425.59,640,0.00050671,0.357689,0.935107,0.577415,-0.0418636,0.454257,0.850555,-0.577415,-0.584291,0,0.00747594,2.15861,0.562857,
141,0.01,0.0001,19.1277,2000,7.74963,7.74491,2.42876,7.74975,0,0,1324.9,640,0.000776021,0.36133,1.18442,0.823085,-0.0330211,0.417317,1.28086,-0.823085,-0.831933,0,0.00565808,2.2077,0.509408,
142,0.01,0.0001,13.4854,2000,7.76968,7.68718,2.21049,7.7718,0,0,1310.03,640,0.000745281,0.366777,1.15703,0.790252,-0.0304006,0.387721,1.21752,-0.790252,-0.798239,0,0.00469591,2.17307,0.537255,
143,0.01,0.0001,13.0731,2000,7.87975,7.80441,2.11344,7.88168,0,0,1296.47,640,0.000741865,0.371226,1.15237,0.781139,-0.0294093,0.41264,1.25448,-0.781139,-0.791682,0,0.00603916,2.1616,0.529134,
144,0.01,0.0001,12.9445,2000,7.81151,7.71817,2.07062,7.81391,0,0,1292.02,640,0.000784021,0.377209,1.19168,0.814468,-0.0323456,0.424195,1.26641,-0.814468,-0.824008,0,0.00549468,2.10272,0.540849,
145,0.01,0.0001,13.7233,2000,7.78591,7.69158,2.08156,7.78833,0,0,1300.98,640,0.000638422,0.384073,1.06389,0.679812,-0.0300608,0.415475,1.03688,-0.679812,-0.688066,0,0.00566995,2.11155,0.540544,
146,0.01,0.0001,13.4603,2000,8.00811,8.01346,1.81484,8.00797,0,0,1224.23,640,0.000965856,0.388644,1.36976,0.981114,-0.0297151,0.424001,1.61341,-0.981114,-0.990325,0,0.00523237,2.12332,0.537913,
147,0.01,0.0001,13.4429,2000,7.71131,7.57644,2.1032,7.71477,0,0,1310.04,640,0.000631127,0.395504,1.05006,0.654544,-0.037402,0.409842,0.972231,-0.654544,-0.661632,0,0.00574063,2.09835,0.500978,
148,0.01,0.0001,13.2689,2000,7.98068,7.88449,1.82251,7.98315,0,0,1232.06,640,0.000787261,0.401047,1.20484,0.803785,-0.0281653,0.415163,1.29481,-0.803785,-0.809382,0,0.00480226,2.07696,0.468461,
149,0.01,0.0001,13.236,2000,7.88892,7.82891,1.98648,7.89046,0,0,1257.67,640,0.000759834,0.407496,1.1787,0.771196,-0.034008,0.407837,1.19542,-0.771196,-0.779169,0,0.00540885,2.0997,0.505446,
150,0.01,0.0001,13.6261,2000,8.14701,7.98728,1.44975,8.1511,0,0,1172.24,640,0.000940726,0.412908,1.35586,0.942941,-0.0287187,0.430062,1.58223,-0.942941,-0.951717,0,0.00418286,2.10302,0.504889,
151,0.01,0.0001,13.177,2000,8.07184,7.97489,1.3842,8.07432,0,0,1127.89,640,0.00085008,0.419868,1.27919,0.859312,-0.031596,0.426395,1.38261,-0.859312,-0.869327,0,0.00666757,2.10602,0.538274,
152,0.01,0.0001,19.5755,2000,8.21637,8.13194,1.06542,8.21854,0,0,1114.46,640,0.000948457,0.426059,1.38183,0.955763,-0.0271578,0.431775,1.64092,-0.955763,-0.966802,0,0.0061364,2.15027,0.538083,
153,0.01,0.0001,13.4888,2000,8.21665,8.17227,0.950926,8.21779,0,0,1037.29,640,0.000916566,0.432939,1.36407,0.931129,-0.0264796,0.42026,1.58399,-0.931129,-0.938661,0,0.00578605,2.14345,0.508803,
154,0.01,0.0001,13.5328,2000,8.21997,8.20486,0.959889,8.22036,0,0,1114.15,640,0.000959534,0.439928,1.39604,0.956106,-0.0296922,0.432794,1.61875,-0.956106,-0.967177,0,0.00618223,2.18554,0.538402,
155,0.01,0.0001,13.48,2000,8.19154,8.1573,0.675093,8.19241,0,0,1000.29,640,0.000896756,0.446856,1.3396,0.892739,-0.0298719,0.417513,1.48739,-0.892739,-0.903138,0,0.00515467,2.15025,0.47067,
156,0.01,0.0001,13.3438,2000,8.29997,8.29695,0.614028,8.30005,0,0,1050.73,640,0.000971805,0.453912,1.42249,0.968573,-0.0262885,0.425226,1.70403,-0.968573,-0.976338,0,0.00292664,2.14241,0.507733,
157,0.01,0.0001,13.4489,2000,8.23355,8.21353,0.748184,8.23407,0,0,929.246,640,0.000925506,0.461684,1.37775,0.916064,-0.0287726,0.411661,1.56414,-0.916064,-0.926138,0,0.00571229,2.13605,0.510224,
158,0.01,0.0001,13.3983,2000,8.23511,8.20086,0.918434,8.23599,0,0,1083.54,640,0.00093548,0.469885,1.38457,0.914676,-0.0304323,0.450322,1.55221,-0.914676,-0.924414,0,0.00557773,2.13047,0.475275,
159,0.01,0.0001,13.664,2000,8.31919,8.28417,0.856867,8.32009,0,0,1121.04,640,0.000986124,0.477163,1.4257,0.948531,-0.0311902,0.44181,1.65224,-0.948531,-0.957389,0,0.00602862,2.10802,0.52992,
160,0.01,0.0001,13.5574,2000,8.20991,8.13033,1.08181,8.21195,0,0,1110.89,640,0.000903946,0.485441,1.34979,0.864349,-0.0337468,0.450503,1.442,-0.864349,-0.872436,0,0.00603203,2.06439,0.481292,
161,0.01,0.0001,13.2175,2000,8.06869,7.9866,1.5979,8.0708,0,0,1228.22,640,0.000826146,0.493744,1.26183,0.768077,-0.0373173,0.449934,1.2391,-0.768077,-0.778606,0,0.00722182,1.98276,0.538818,
162,0.01,0.0001,19.7354,2000,7.86105,7.73554,1.77277,7.86426,0,0,1249.08,640,0.000674028,0.502589,1.11941,0.616806,-0.045291,0.430027,0.948507,-0.616806,-0.624539,0,0.00503581,1.94043,0.51863,
163,0.01,0.0001,13.3253,2000,8.07473,7.9941,1.6572,8.0768,0,0,1235.25,640,0.00088027,0.509296,1.30692,0.79761,-0.0400167,0.422792,1.28853,-0.79761,-0.807028,0,0.00536843,1.89966,0.513895,
164,0.01,0.0001,13.231,2000,8.2021,8.15048,1.34561,8.20343,0,0,1162.96,640,0.000922994,0.516851,1.3614,0.844543,-0.0385441,0.427418,1.4057,-0.844543,-0.852205,0,0.00491532,1.88907,0.549195,
165,0.01,0.0001,13.2155,2000,8.04946,7.93986,1.65481,8.05227,0,0,1273.98,640,0.000821012,0.525655,1.26208,0.736415,-0.0414337,0.412633,1.18522,-0.736415,-0.744832,0,0.00500258,1.92879,0.542116,
166,0.01,0.0001,13.4964,2000,8.26447,8.14243,1.20615,8.2676,0,0,1153.45,640,0.000952365,0.532885,1.38542,0.852524,-0.0390901,0.42894,1.43848,-0.852524,-0.859914,0,0.00467367,1.91925,0.538928,
167,0.01,0.0001,13.2734,2000,8.03622,7.94775,1.63047,8.03848,0,0,1192.05,640,0.000851428,0.540871,1.29116,0.750279,-0.0455508,0.400249,1.19172,-0.750279,-0.756642,0,0.00286948,1.89386,0.540795,
168,0.01,0.0001,13.5096,2000,7.90988,7.80819,1.87975,7.91249,0,0,1267.12,640,0.000730952,0.549764,1.17868,0.628904,-0.0504887,0.403157,0.992604,-0.628904,-0.638082,0,0.0056626,1.82621,0.542291,
169,0.01,0.0001,14.6851,2000,8.00814,7.92719,1.8014,8.01021,0,0,1228.19,640,0.000802306,0.556704,1.24669,0.68998,-0.0452767,0.419983,1.11667,-0.68998,-0.698128,0,0.00363597,1.85563,0.586167,
170,0.01,0.0001,14.8849,2000,8.04856,7.96079,1.78023,8.05081,0,0,1230.07,640,0.000814953,0.564637,1.26225,0.697605,-0.0436392,0.477962,1.14158,-0.697605,-0.704067,0,0.0034948,1.87512,0.567908,
171,0.01,0.0001,14.5925,2000,8.22668,8.18677,1.53974,8.2277,0,0,1217.21,640,0.000941734,0.571694,1.3875,0.815789,-0.0416485,0.44818,1.37684,-0.815789,-0.825899,0,0.0063043,1.89626,0.557688,
172,0.01,0.0001,14.7162,2000,8.19774,8.14274,1.26026,8.19915,0,0,1125.56,640,0.0009164,0.58014,1.36971,0.789566,-0.0457159,0.478534,1.29724,-0.789566,-0.797499,0,0.00488209,1.91258,0.643469,
173,0.01,0.0001,21.0816,2000,7.92898,7.77357,1.76146,7.93296,0,0,1262.82,640,0.000703936,0.589548,1.16367,0.574107,-0.0515257,0.439777,0.920633,-0.574107,-0.580639,0,0.00555914,1.84788,0.607558,
174,0.01,0.0001,14.2511,2000,8.26554,8.1724,1.09697,8.26793,0,0,1110.82,640,0.000946471,0.596414,1.40455,0.808125,-0.0431406,0.47555,1.36095,-0.808125,-0.818567,0,0.00568339,1.92129,0.79441,
175,0.01,0.0001,14.7215,2000,8.15155,8.10024,1.46793,8.15287,0,0,1165.68,640,0.000890048,0.603947,1.35259,0.748635,-0.0478474,0.525471,1.22635,-0.748635,-0.756001,0,0.00417484,1.93654,0.610455,
176,0.01,0.0001,14.5348,2000,8.0789,7.97854,1.65595,8.08148,0,0,1217.4,640,0.000808802,0.612372,1.27336,0.660981,-0.047903,0.478976,1.08997,-0.660981,-0.669576,0,0.0057641,1.86249,0.864282,
177,0.01,0.0001,13.9117,2000,8.10189,7.98155,1.42684,8.10497,0,0,1212.86,640,0.000847144,0.620677,1.31452,0.693833,-0.0472822,0.436689,1.1371,-0.693833,-0.700026,0,0.00350474,1.86674,0.521922,
178,0.01,0.0001,12.9834,2000,8.01782,7.9189,1.64094,8.02036,0,0,1262.67,640,0.000764938,0.628777,1.24153,0.612744,-0.0488846,0.423949,1.00662,-0.612744,-0.621452,0,0.00725281,1.93913,0.523154,
179,0.01,0.0001,13.6529,2000,8.09315,8.00171,1.62031,8.09549,0,0,1208.89,640,0.000782612,0.635802,1.25327,0.617456,-0.0519888,0.444169,1.03143,-0.617456,-0.622736,0,0.00466475,1.86079,0.545221,
180,0.01,0.0001,13.3328,2000,7.91751,7.85773,1.923,7.91905,0,0,1251.89,640,0.000718905,0.644676,1.1955,0.550815,-0.0604499,0.412353,0.901417,-0.550815,-0.556076,0,0.00319554,1.82424,0.524623,
181,0.01,0.0001,13.2669,2000,7.9248,7.80037,1.6736,7.92799,0,0,1241.91,640,0.000656335,0.653536,1.14443,0.490879,-0.0560561,0.442314,0.82651,-0.490879,-0.497437,0,0.00487843,1.78738,0.55466,
182,0.01,0.0001,13.341,2000,7.89643,7.78494,1.82293,7.89928,0,0,1267.34,640,0.000658215,0.66115,1.14353,0.482364,-0.0564484,0.457385,0.816087,-0.482364,-0.486829,0,0.00365416,1.76421,0.566429,
183,0.01,0.0001,13.5516,2000,7.88399,7.80603,1.90268,7.88599,0,0,1271.81,640,0.000667902,0.668311,1.15477,0.486449,-0.0609587,0.452572,0.81408,-0.486449,-0.494278,0,0.00625532,1.71367,0.772217,
184,0.01,0.0001,13.2102,2000,7.46948,7.38172,2.48673,7.47173,0,0,1373.62,640,0.000377283,0.678517,0.893312,0.214788,-0.0837986,0.422008,0.541658,-0.214788,-0.220191,0,0.00555335,1.67871,0.565448,
185,0.01,0.0001,20.5382,2000,7.84453,7.82612,2.29066,7.845,0,0,1320.85,640,0.000656327,0.682436,1.16313,0.480686,-0.0610648,0.459405,0.84145,-0.480686,-0.488508,0,0.0060733,1.74635,0.546647,
186,0.01,0.0001,13.1307,2000,7.95031,7.91041,1.8607,7.95133,0,0,1191.42,640,0.000752341,0.689299,1.24293,0.55363,-0.0604764,0.454878,0.916217,-0.55363,-0.560927,0,0.00671624,1.69086,0.551079,
187,0.01,0.0001,13.0703,2000,7.75099,7.65294,2.01017,7.7535,0,0,1268.95,640,0.000553455,0.697442,1.05875,0.361299,-0.0693773,0.450944,0.678149,-0.361299,-0.365804,0,0.0048995,1.685,0.55125,
188,0.01,0.0001,14.3518,2000,7.79505,7.78085,2.08347,7.79541,0,0,1307.9,640,0.000629762,0.703333,1.13705,0.433703,-0.0699119,0.441898,0.75104,-0.433703,-0.438937,0,0.00350342,1.71805,0.554001,
189,0.01,0.0001,13.49,2000,7.63684,7.56858,2.35035,7.63859,0,0,1346.86,640,0.000483806,0.710891,1.00139,0.290494,-0.0787896,0.455047,0.620047,-0.290494,-0.294807,0,0.00626694,1.66967,0.559188,
190,0.01,0.0001,13.0122,2000,7.83922,7.76036,2.08032,7.84124,0,0,1242.15,640,0.000641568,0.71599,1.14234,0.426336,-0.0715573,0.45713,0.763337,-0.426336,-0.432249,0,0.00360149,1.70357,0.665421,
191,0.01,0.0001,13.5739,2000,7.75612,7.72105,2.2879,7.75702,0,0,1296.02,640,0.000612775,0.722551,1.12538,0.402818,-0.0692093,0.416137,0.737799,-0.402818,-0.408974,0,0.00713046,1.67592,0.560716,
192,0.01,0.0001,13.4284,2000,7.65518,7.55319,2.23115,7.6578,0,0,1334.59,640,0.000493944,0.729752,1.01503,0.285272,-0.0786666,0.458216,0.614387,-0.285272,-0.291811,0,0.00724068,1.73632,0.58547,
193,0.01,0.0001,13.3156,2000,7.48049,7.48211,2.76665,7.48044,0,0,1406.78,640,0.000448566,0.736976,0.988153,0.251173,-0.0828942,0.444776,0.61576,-0.251173,-0.257199,0,0.00613234,1.76291,0.556182,
194,0.01,0.0001,13.8427,2000,7.91826,7.85681,1.67861,7.91984,0,0,1200.07,640,0.000677652,0.739864,1.19517,0.455297,-0.0676765,0.460726,0.803197,-0.455297,-0.461532,0,0.00480661,1.80359,0.554373,
195,0.01,0.0001,13.3507,2000,7.66143,7.48021,2.00044,7.66607,0,0,1266.98,640,0.000467148,0.747539,0.99278,0.245225,-0.0766198,0.456821,0.591007,-0.245225,-0.252133,0,0.00474582,1.81048,0.603507,
196,0.01,0.0001,20.5956,2000,8.26889,8.21844,1.19314,8.27019,0,0,1077.44,640,0.000888286,0.74989,1.40368,0.653772,-0.0483325,0.466864,1.15858,-0.653772,-0.662436,0,0.00741547,1.76646,0.563233,
197,0.01,0.0001,13.0298,2000,8.13759,8.06252,1.40877,8.13952,0,0,1181.28,640,0.000771531,0.756064,1.28837,0.53229,-0.0558424,0.46143,0.949711,-0.53229,-0.538192,0,0.00400185,1.7086,0.562796,
198,0.01,0.0001,13.0431,2000,8.13706,8.06669,1.22066,8.13886,0,0,1171.7,640,0.000770061,0.762902,1.29441,0.531496,-0.0573928,0.448832,0.937862,-0.531496,-0.537948,0,0.00454484,1.77648,0.574178,
199,0.01,0.0001,13.4497,2000,8.03666,7.90107,1.57315,8.04014,0,0,1194.59,640,0.000742767,0.768795,1.26048,0.49167,-0.0600829,0.453646,0.88201,-0.49167,-0.497608,0,0.00437443,1.80024,0.535668,
200,0.01,0.0001,13.065,2000,7.85123,7.74205,1.738,7.85403,0,0,1246.53,640,0.00057492,0.77599,1.0996,0.323591,-0.0747135,0.464463,0.670207,-0.323591,-0.328965,0,0.0057129,1.825,0.564888,
201,0.01,0.0001,13.4232,2000,7.93163,7.83127,1.92191,7.9342,0,0,1263.85,640,0.000693905,0.780859,1.21332,0.432455,-0.0676223,0.471666,0.817953,-0.432455,-0.442188,0,0.00645947,1.83974,0.577612,
202,0.01,0.0001,13.2756,2000,7.44838,7.38066,2.51336,7.45012,0,0,1385.13,640,0.00034505,0.791114,0.89171,0.10059,-0.098421,0.508451,0.514802,-0.10059,-0.105353,0,0.00526353,1.73174,0.571077,
203,0.01,0.0001,12.9858,2000,7.80011,7.74466,2.14905,7.80154,0,0,1284.74,640,0.000609794,0.793299,1.14063,0.347324,-0.0806969,0.452752,0.696629,-0.347324,-0.353837,0,0.00585558,1.80818,0.57741,
204,0.01,0.0001,13.4403,2000,7.95629,7.93521,2.01548,7.95683,0,0,1257.35,640,0.000694329,0.798423,1.22526,0.426831,-0.0708656,0.464187,0.813811,-0.426831,-0.434219,0,0.00497746,1.82082,0.575188,
205,0.01,0.0001,13.0412,2000,7.77553,7.70918,2.31549,7.77723,0,0,1324.21,640,0.000641555,0.804617,1.17831,0.373698,-0.0809265,0.462323,0.746618,-0.373698,-0.380528,0,0.00647597,1.77048,0.573584,
206,0.01,0.0001,13.558,2000,7.97672,7.85064,1.70057,7.97995,0,0,1242.37,640,0.000706151,0.810805,1.23813,0.42731,-0.0666729,0.46718,0.807356,-0.42731,-0.434269,0,0.00621834,1.69542,0.573035,
207,0.01,0.0001,13.2985,2000,7.99093,7.91957,1.70333,7.99276,0,0,1184.86,640,0.000728204,0.815421,1.26122,0.445779,-0.0651999,0.469217,0.833985,-0.445779,-0.452164,0,0.00528628,1.62417,0.683899,
208,0.01,0.0001,20.6977,2000,7.91649,7.84786,1.96855,7.91825,0,0,1280.59,640,0.000687496,0.821553,1.22054,0.398979,-0.0727505,0.465879,0.779051,-0.398979,-0.405528,0,0.00739705,1.49942,0.576264,
209,0.01,0.0001,15.2948,2000,7.88751,7.7985,1.9646,7.8898,0,0,1274.11,640,0.000677122,0.828022,1.20568,0.377645,-0.0741573,0.495435,0.752234,-0.377645,-0.385874,0,0.00692118,1.54934,0.777486,
210,0.01,0.0001,13.4811,2000,7.92017,7.88696,2.16088,7.92102,0,0,1306.84,640,0.00070734,0.834221,1.24579,0.411565,-0.0729052,0.469563,0.805112,-0.411565,-0.417139,0,0.00717372,1.52062,0.576085,
211,0.01,0.0001,13.5132,2000,7.87727,7.75187,1.87105,7.88048,0,0,1271.77,640,0.000591617,0.839703,1.13664,0.296918,-0.0723614,0.474,0.691515,-0.296918,-0.302825,0,0.00499882,1.57153,0.57413,
212,0.01,0.0001,13.0084,2000,7.95219,7.85916,1.76683,7.95457,0,0,1241.13,640,0.000667357,0.845471,1.2023,0.356812,-0.0748467,0.469528,0.739171,-0.356812,-0.365496,0,0.00617682,1.61297,0.539024,
213,0.01,0.0001,13.5212,2000,7.62976,7.56306,2.19064,7.63147,0,0,1332.42,640,0.000458361,0.853181,1.00617,0.152974,-0.0976017,0.475839,0.560593,-0.152974,-0.155943,0,0.00396326,1.56689,0.600239,
214,0.01,0.0001,13.3969,2000,7.76383,7.65879,2.02983,7.76652,0,0,1281.16,640,0.000539164,0.857253,1.09296,0.235696,-0.0830883,0.511894,0.627309,-0.235696,-0.242596,0,0.00710623,1.52714,0.662582,
215,0.01,0.0001,14.8698,2000,8.25791,8.27739,1.2833,8.25741,0,0,1095.83,640,0.000915264,0.85971,1.45287,0.593156,-0.0625504,0.514126,1.07359,-0.593156,-0.602093,0,0.0063839,1.52898,0.623579,
216,0.01,0.0001,13.3654,2000,8.21999,8.15789,1.36504,8.22159,0,0,1178.59,640,0.000808981,0.865946,1.34558,0.479616,-0.0634959,0.473029,0.926018,-0.479616,-0.485963,0,0.00643353,1.50116,0.674486,
217,0.01,0.0001,13.2915,2000,8.357,8.27822,0.893047,8.35902,0,0,1121.46,640,0.000930051,0.871235,1.47139,0.600147,-0.0600508,0.52854,1.11356,-0.600147,-0.609302,0,0.00580963,1.54269,0.59159,
218,0.01,0.0001,14.4117,2000,8.316,8.28235,0.713306,8.31686,0,0,1075.23,640,0.000853056,0.877547,1.41658,0.539027,-0.0564686,0.463741,1.04769,-0.539027,-0.544915,0,0.00522569,1.4736,0.579767,
219,0.01,0.0001,13.23,2000,8.26462,8.21492,0.921693,8.26589,0,0,1063.79,640,0.00081839,0.884567,1.38646,0.501879,-0.0574607,0.468838,0.994941,-0.501879,-0.509999,0,0.0064065,1.54052,0.552995,
220,0.01,0.0001,13.0366,2000,8.0836,8.02693,1.33146,8.08505,0,0,1197.97,640,0.000660714,0.891906,1.24,0.348091,-0.0645924,0.481921,0.782033,-0.348091,-0.353846,0,0.00585532,1.62019,0.58564,
221,0.01,0.0001,20.8612,2000,8.34985,8.31746,0.578077,8.35068,0,0,1027.95,640,0.000897397,0.896322,1.45548,0.559152,-0.0597226,0.478426,1.07482,-0.559152,-0.565701,0,0.00422878,1.61263,0.586813,
222,0.01,0.0001,13.4971,2000,8.00817,7.91075,1.28685,8.01067,0,0,1206.9,640,0.000615998,0.905765,1.19291,0.287137,-0.0764769,0.47989,0.703616,-0.287137,-0.294503,0,0.00641247,1.54387,0.585292,
223,0.01,0.0001,13.198,2000,8.39367,8.35059,0.545049,8.39477,0,0,953.568,640,0.000934001,0.909375,1.49357,0.584186,-0.0586308,0.478417,1.12495,-0.584186,-0.592075,0,0.00597226,1.63071,0.600795,
224,0.01,0.0001,13.1771,2000,8.24103,8.18258,0.839076,8.24252,0,0,1021.73,640,0.000796517,0.917155,1.37176,0.454599,-0.0628505,0.48255,0.922444,-0.454599,-0.460739,0,0.00423961,1.63924,0.588762,
225,0.01,0.0001,13.0493,2000,7.93762,7.85911,1.57327,7.93963,0,0,1205.36,640,0.000574495,0.925941,1.15696,0.23101,-0.0793894,0.483429,0.664595,-0.23101,-0.236195,0,0.0060315,1.69901,0.590941,
226,0.01,0.0001,13.4851,2000,7.83528,7.74135,2.01572,7.83769,0,0,1233.81,640,0.000556588,0.931566,1.14357,0.211997,-0.0856356,0.480814,0.659689,-0.211997,-0.217565,0,0.00470557,1.71619,0.577391,
227,0.01,0.0001,13.5027,2000,8.01388,7.92485,1.51521,8.01616,0,0,1158.61,640,0.000630119,0.937989,1.21055,0.272543,-0.074483,0.483986,0.709297,-0.272543,-0.278492,0,0.00422939,1.7297,0.585843,
228,0.01,0.0001,13.5716,2000,7.26843,7.25555,3.02775,7.26876,0,0,1517.9,640,0.00022367,0.951148,0.849714,-0.101422,-0.11148,0.492246,0.567498,0.101422,0.0967343,0,0.00643515,1.58469,0.575486,
229,0.01,0.0001,13.0798,2000,7.28511,7.31712,3.15526,7.28428,0,0,1561.69,640,0.00029332,0.956605,0.921804,-0.0347812,-0.112601,0.485266,0.590583,0.0347812,0.0299223,0,0.0066126,1.6149,0.589797,
230,0.01,0.0001,13.1308,2000,7.33642,7.32562,2.90678,7.3367,0,0,1460.26,640,0.00025517,0.960214,0.879569,-0.0806453,-0.104331,0.493438,0.580616,0.0806453,0.0761031,0,0.00518731,1.66775,0.613652,
231,0.01,0.0001,13.328,2000,7.79084,7.7965,2.24854,7.7907,0,0,1274.13,640,0.000553564,0.959679,1.15303,0.193354,-0.0919952,0.494914,0.649778,-0.193354,-0.198721,0,0.00589506,1.6995,0.773832,
232,0.01,0.0001,13.748,2000,7.65032,7.50817,2.14754,7.65396,0,0,1248.06,640,0.000381157,0.964957,0.98405,0.019082,-0.0958048,0.48742,0.554076,-0.0190821,-0.0232168,0,0.00558122,1.60625,0.603585,
233,0.01,0.0001,21.0614,2000,7.73937,7.63249,2.00686,7.74211,0,0,1256.64,640,0.000457894,0.969403,1.06023,0.0908077,-0.0795578,0.488737,0.594509,-0.0908077,-0.0972041,0,0.00586559,1.53752,0.590686,
234,0.01,0.0001,13.6438,2000,7.99514,7.86515,1.32629,7.99847,0,0,1086.69,640,0.000609076,0.971234,1.21956,0.248317,-0.0624943,0.489605,0.71359,-0.248317,-0.251839,0,0.00429697,1.54048,0.592005,
235,0.01,0.0001,13.0548,2000,8.29854,8.28545,0.405271,8.29887,0,0,1009.95,640,0.000848017,0.970193,1.44694,0.476747,-0.0513931,0.48679,0.990565,-0.476747,-0.485425,0,0.00734042,1.56633,0.612286,
236,0.01,0.0001,14.8859,2000,8.34421,8.32824,0.360184,8.34462,0,0,1048.21,640,0.000886743,0.973653,1.4826,0.508942,-0.0485657,0.537622,1.04144,-0.508942,-0.515199,0,0.00537744,1.6253,0.74087,
237,0.01,0.0001,15.0767,2000,8.34671,8.33007,0.319377,8.34714,0,0,1012.7,640,0.000869593,0.978332,1.46882,0.49048,-0.0520384,0.489474,1.02296,-0.49048,-0.495053,0,0.00475152,1.60996,0.594301,
238,0.01,0.0001,13.4693,2000,8.24334,8.22773,0.600326,8.24374,0,0,974.212,640,0.000820195,0.984062,1.42745,0.443379,-0.0527753,0.493158,0.946604,-0.443379,-0.44989,0,0.00433642,1.64512,0.600057,
239,0.01,0.0001,13.3991,2000,8.34957,8.32014,0.337482,8.35033,0,0,945.523,640,0.000871879,0.988202,1.47162,0.483413,-0.0506564,0.501611,1.01589,-0.483413,-0.491773,0,0.00503288,1.62184,0.60344,
240,0.01,0.0001,13.0402,2000,8.30765,8.27302,0.46336,8.30854,0,0,970.651,640,0.000852355,0.994528,1.4577,0.463165,-0.0486757,0.496866,0.984824,-0.463165,-0.470114,0,0.00553975,1.59164,1.11003,
241,0.01,0.0001,13.0532,2000,8.35553,8.35472,0.277579,8.35555,0,0,933.162,640,0.000872715,0.999368,1.47607,0.4767,-0.0508902,0.496169,1.01456,-0.4767,-0.483891,0,0.00632438,1.5702,0.837314,
242,0.01,0.0001,13.8742,2000,8.33334,8.34142,0.25762,8.33313,0,0,991.778,640,0.00084872,1.00562,1.46335,0.457728,-0.0499599,0.515686,1.00259,-0.457728,-0.462796,0,0.00396741,1.5626,0.63497,
243,0.01,0.0001,15.2094,2000,8.26636,8.20216,0.683239,8.26801,0,0,1009.25,640,0.000806276,1.01338,1.4169,0.403507,-0.0556695,0.527932,0.90859,-0.403507,-0.411081,0,0.00693791,1.60622,0.901353,
244,0.01,0.0001,13.8256,2000,8.26533,8.22928,0.703318,8.26625,0,0,1031.64,640,0.000771022,1.02018,1.39324,0.373053,-0.0563939,0.56917,0.901497,-0.373053,-0.380008,0,0.00696165,1.59965,0.737125,
245,0.01,0.0001,14.8296,2000,8.33579,8.33768,0.215217,8.33575,0,0,990.595,640,0.000853998,1.02443,1.46773,0.443296,-0.0526179,0.532135,0.974247,-0.443296,-0.449747,0,0.0054561,1.60527,0.683496,
246,0.01,0.0001,23.1906,2000,8.30722,8.30713,0.376092,8.30722,0,0,1005.78,640,0.000834623,1.03168,1.45117,0.419486,-0.0509864,0.565411,0.938819,-0.419486,-0.426899,0,0.00654679,1.54905,0.63463,
247,0.01,0.0001,13.7248,2000,8.28897,8.28646,0.29738,8.28903,0,0,968.507,640,0.000804343,1.03817,1.42558,0.387411,-0.0540849,0.527306,0.912257,-0.387411,-0.394333,0,0.0053872,1.57782,0.716958,
248,0.01,0.0001,13.4803,2000,8.33479,8.34651,0.169449,8.33449,0,0,983.123,640,0.000853371,1.04438,1.4748,0.430413,-0.0506118,0.529457,0.97442,-0.430413,-0.436327,0,0.00472331,1.62726,0.707084,
249,0.01,0.0001,14.7409,2000,8.33093,8.33584,0.14572,8.3308,0,0,993.588,640,0.000841916,1.05145,1.46481,0.413357,-0.0503756,0.556814,0.95417,-0.413357,-0.418801,0,0.00495114,1.55963,0.681543,
250,0.01,0.0001,14.8249,2000,8.32864,8.32947,0.149609,8.32862,0,0,1010.87,640,0.000841226,1.05853,1.46504,0.4065,-0.0504596,0.556022,0.949225,-0.4065,-0.413676,0,0.0051228,1.52766,0.590961,
251,0.01,0.0001,13.6301,2000,8.33788,8.34465,0.225494,8.33771,0,0,971.612,640,0.000849278,1.06553,1.47125,0.405715,-0.0507933,0.544903,0.946297,-0.405715,-0.411742,0,0.00554643,1.49675,0.79113,
252,0.01,0.0001,14.7234,2000,8.37756,8.37154,0.189817,8.37771,0,0,946.284,640,0.00087275,1.07259,1.4975,0.424913,-0.0511268,0.559865,0.982949,-0.424913,-0.434173,0,0.00526046,1.5444,0.702223,
253,0.01,0.0001,13.9423,2000,8.35447,8.35777,0.292412,8.35438,0,0,941.643,640,0.000851851,1.08009,1.48331,0.403212,-0.0539876,0.525233,0.958393,-0.403212,-0.408716,0,0.00439277,1.54594,0.712054,
254,0.01,0.0001,13.8231,2000,8.37609,8.38005,0.198612,8.37599,0,0,938.223,640,0.000867053,1.08727,1.49648,0.409201,-0.0520227,0.539946,0.96869,-0.409201,-0.414447,0,0.00457901,1.52358,0.948029,
255,0.01,0.0001,14.698,2000,8.29948,8.23417,0.537278,8.30115,0,0,914.721,640,0.000812179,1.09592,1.44499,0.34906,-0.055009,0.573337,0.888325,-0.34906,-0.355125,0,0.00453159,1.47087,0.747693,
256,0.01,0.0001,14.9721,2000,8.3013,8.2924,0.442378,8.30153,0,0,1015.25,640,0.000777156,1.103,1.42,0.317004,-0.0596737,0.650557,0.878558,-0.317004,-0.321311,0,0.00389007,1.4404,0.760078,
257,0.01,0.0001,15.0602,2000,8.39844,8.40277,0.218375,8.39833,0,0,924.495,640,0.000869692,1.10908,1.50711,0.398018,-0.0523187,0.608601,0.973216,-0.398018,-0.405418,0,0.00612212,1.43847,0.689258,
258,0.01,0.0001,14.8392,2000,8.30919,8.29907,0.519357,8.30945,0,0,1086.11,640,0.000771154,1.11749,1.4136,0.296109,-0.0625066,0.478617,0.855242,-0.296109,-0.302872,0,0.00627415,1.45296,0.659119,
259,0.01,0.0001,23.2253,2000,8.27274,8.24376,0.725792,8.27349,0,0,1052.15,640,0.000743701,1.12537,1.38872,0.263346,-0.0676906,0.537358,0.822562,-0.263346,-0.270389,0,0.00575858,1.42628,0.614328,
260,0.01,0.0001,13.6569,2000,8.02324,7.94414,1.45329,8.02527,0,0,1118.55,640,0.000545153,1.13412,1.18966,0.0555183,-0.0849221,0.516071,0.661304,-0.0555183,-0.0608449,0,0.00617776,1.50604,0.753278,
261,0.01,0.0001,13.8188,2000,7.86217,7.84258,1.9995,7.86268,0,0,1201.66,640,0.000511772,1.14029,1.16621,0.0259113,-0.0967869,0.5428,0.653609,-0.0259113,-0.0316955,0,0.00657572,1.54635,0.642739,
262,0.01,0.0001,14.0039,2000,7.37763,7.39041,3.01799,7.37731,0,0,1482.34,640,0.000237898,1.15137,0.932279,-0.219079,-0.116675,0.567395,0.677804,0.219079,0.211436,0,0.00685883,1.52395,0.707563,
263,0.01,0.0001,13.9912,2000,7.40987,7.38199,2.93074,7.41058,0,0,1461.09,640,0.000223385,1.15646,0.919131,-0.237313,-0.114577,0.578956,0.672214,0.237313,0.23107,0,0.00602365,1.48922,0.942246,
264,0.01,0.0001,15.7352,2000,7.38193,7.41081,3.03659,7.38119,0,0,1509.65,640,0.000294638,1.16016,0.988344,-0.17179,-0.120512,0.649864,0.665194,0.17179,0.16498,0,0.00544747,1.51217,0.77017,
265,0.01,0.0001,13.5054,2000,7.39467,7.3844,3.13789,7.39493,0,0,1535.15,640,0.000276893,1.16245,0.972103,-0.190335,-0.110127,0.562614,0.682662,0.190335,0.184428,0,0.00629795,1.53307,0.790317,
266,0.01,0.0001,15.2437,2000,7.29491,7.26991,3.11799,7.29555,0,0,1553.23,640,0.000193691,1.16675,0.891575,-0.275155,-0.127338,0.508747,0.683177,0.275155,0.268888,0,0.00407398,1.57259,0.667848,
267,0.01,0.0001,14.7972,2000,7.46243,7.51884,2.9023,7.46099,0,0,1432.65,640,0.000335433,1.16584,1.02866,-0.137162,-0.116152,0.641196,0.667796,0.137162,0.132457,0,0.00651286,1.60743,0.844923,
268,0.01,0.0001,13.6439,2000,7.25772,7.28256,3.23164,7.25708,0,0,1589.02,640,0.000194433,1.16926,0.900026,-0.269207,-0.11986,0.554725,0.716753,0.269207,0.263284,0,0.00631914,1.58852,0.724053,
269,0.01,0.0001,14.1669,2000,7.30297,7.3235,3.2052,7.30245,0,0,1562.49,640,0.000211341,1.16842,0.916333,-0.252062,-0.115847,0.54641,0.7064,0.252062,0.24629,0,0.00476989,1.60811,0.657874,
270,0.01,0.0001,13.8261,2000,7.5589,7.61201,2.92326,7.55754,0,0,1448.07,640,0.000389414,1.16484,1.07236,-0.092473,-0.0996598,0.577241,0.657786,0.092473,0.0851759,0,0.00589055,1.6515,0.75401,
271,0.01,0.0001,13.6165,2000,7.41283,7.44244,3.20376,7.41207,0,0,1543.56,640,0.00030242,1.16623,1.00037,-0.165846,-0.107143,0.575818,0.684207,0.165846,0.159028,0,0.0058499,1.59715,0.694627,
272,0.01,0.0001,14.4447,2000,7.4582,7.42989,3.06593,7.45893,0,0,1520.38,640,0.000286378,1.16477,0.981196,-0.18356,-0.111383,0.573701,0.656884,0.18356,0.178402,0,0.00591089,1.53618,0.749113,
273,0.01,0.0001,24.5578,2000,7.79948,7.80289,2.39406,7.79939,0,0,1301.24,640,0.000538536,1.15922,1.19696,0.0377269,-0.0852172,0.54521,0.667563,-0.0377269,-0.0445305,0,0.00537921,1.56767,0.610585,
274,0.01,0.0001,13.6475,2000,7.55872,7.50827,2.62007,7.56001,0,0,1381.17,640,0.000337761,1.16074,1.01671,-0.144032,-0.0991983,0.535188,0.645188,0.144032,0.139357,0,0.00463603,1.50313,0.777499,
275,0.01,0.0001,13.9183,2000,7.71952,7.71465,2.49105,7.71965,0,0,1335.34,640,0.000447543,1.15725,1.11437,-0.0428922,-0.0915974,0.538561,0.649194,0.0428922,0.0389307,0,0.00367536,1.47848,0.621508,
276,0.01,0.0001,13.3598,2000,7.94027,7.91187,2.11668,7.94099,0,0,1231.15,640,0.000618435,1.15426,1.26977,0.1155,-0.0744958,0.536839,0.703399,-0.1155,-0.121142,0,0.00583128,1.49274,0.642057,
277,0.01,0.0001,13.4106,2000,8.065,8.04735,1.87226,8.06545,0,0,1161.12,640,0.000701983,1.15275,1.3482,0.195438,-0.0666415,0.490495,0.746847,-0.195438,-0.201219,0,0.00554441,1.48628,0.644629,
278,0.01,0.0001,13.132,2000,8.2096,8.16456,1.552,8.21076,0,0,1096.47,640,0.000793026,1.15171,1.43394,0.282215,-0.0617078,0.53732,0.832609,-0.282215,-0.290089,0,0.0074384,1.54695,0.645186,
279,0.01,0.0001,13.0507,2000,8.0267,7.96036,1.78781,8.02841,0,0,1185.77,640,0.000648633,1.15278,1.30219,0.1494,-0.0699017,0.537108,0.717499,-0.1494,-0.153716,0,0.00393384,1.51328,0.643123,
280,0.01,0.0001,12.87,2000,8.22991,8.14912,1.01773,8.23198,0,0,1091.52,640,0.000764566,1.15251,1.4173,0.264776,-0.0569618,0.55672,0.811757,-0.264776,-0.270769,0,0.00627499,1.62884,0.666273,
281,0.01,0.0001,13.0516,2000,8.18059,8.15528,1.31485,8.18124,0,0,1079.88,640,0.000718637,1.15327,1.37046,0.217174,-0.0634239,0.540679,0.781131,-0.217174,-0.222559,0,0.00417777,1.60161,0.619389,
282,0.01,0.0001,12.9339,2000,8.16735,8.1126,1.50053,8.16875,0,0,1084.09,640,0.000724671,1.15423,1.37664,0.222404,-0.0637819,0.499553,0.78201,-0.222404,-0.228729,0,0.00743042,1.57302,0.652836,
283,0.01,0.0001,13.0698,2000,7.53036,7.48366,2.66191,7.53156,0,0,1384.12,640,0.000292257,1.16014,0.975779,-0.184364,-0.104593,0.541776,0.651751,0.184364,0.179191,0,0.00434395,1.50287,0.657741,
284,0.01,0.0001,13.4693,2000,7.91936,7.85885,1.97197,7.92091,0,0,1206.45,640,0.000569381,1.15799,1.22147,0.0634684,-0.0755747,0.543532,0.669814,-0.0634684,-0.0683143,0,0.00548118,1.56002,0.654872,
285,0.01,0.0001,13.2366,2000,7.91502,7.84013,2.01688,7.91694,0,0,1214.41,640,0.000550855,1.15867,1.20741,0.0487249,-0.0778318,0.542414,0.669492,-0.0487249,-0.0544735,0,0.00677491,1.50853,0.723306,
286,0.01,0.0001,13.3992,2000,7.95947,7.90745,2.07042,7.96081,0,0,1224.2,640,0.000609895,1.15883,1.25956,0.100717,-0.0771708,0.551351,0.699257,-0.100717,-0.10671,0,0.00577973,1.54072,0.77891,
287,0.01,0.0001,23.141,2000,8.16616,8.14771,1.62673,8.16663,0,0,1089.04,640,0.000745167,1.15877,1.39049,0.231699,-0.0661364,0.605904,0.794982,-0.231699,-0.240973,0,0.00704412,1.5101,0.668272,
288,0.01,0.0001,13.1925,2000,8.11104,8.04051,1.44596,8.11285,0,0,1079.18,640,0.000664595,1.16075,1.32407,0.163304,-0.0684912,0.541839,0.735164,-0.163304,-0.17036,0,0.00507355,1.45969,0.67305,
289,0.01,0.0001,13.1809,2000,8.29865,8.24832,0.551232,8.29994,0,0,978.568,640,0.00078516,1.16076,1.44366,0.28289,-0.0564111,0.544534,0.850968,-0.28289,-0.290101,0,0.00522189,1.49309,0.749141,
290,0.01,0.0001,13.5718,2000,8.37088,8.36245,0.196755,8.3711,0,0,880.294,640,0.000821284,1.16116,1.48133,0.320168,-0.0523751,0.549136,0.914577,-0.320168,-0.325817,0,0.00598355,1.42448,0.654798,
291,0.01,0.0001,13.3384,2000,8.35074,8.29832,0.515752,8.35209,0,0,967.063,640,0.000817219,1.16486,1.47301,0.308135,-0.0533662,0.544925,0.88537,-0.308135,-0.318266,0,0.0078747,1.45467,0.672847,
292,0.01,0.0001,13.0639,2000,8.31743,8.26876,0.59763,8.31867,0,0,1044.09,640,0.000793998,1.16811,1.45119,0.28308,-0.0544235,0.544633,0.85322,-0.28308,-0.287753,0,0.00466068,1.46573,0.864902,
293,0.01,0.0001,13.408,2000,8.31686,8.30079,0.565899,8.31727,0,0,1022.31,640,0.000789823,1.17063,1.45041,0.279783,-0.0559361,0.546306,0.850596,-0.279783,-0.284581,0,0.00636622,1.45307,0.670041,
294,0.01,0.0001,13.3255,2000,8.29081,8.2264,0.574582,8.29247,0,0,972.645,640,0.00077636,1.1744,1.43603,0.261625,-0.0559234,0.578523,0.828859,-0.261625,-0.266644,0,0.00518277,1.44327,0.672652,
295,0.01,0.0001,12.9088,2000,8.16235,8.08345,1.32769,8.16437,0,0,1128.6,640,0.000669646,1.18019,1.33661,0.156412,-0.0641668,0.554344,0.748423,-0.156412,-0.161261,0,0.00735105,1.47662,0.658958,
296,0.01,0.0001,14.0979,2000,8.27172,8.21524,1.07684,8.27317,0,0,1018.32,640,0.000751658,1.18224,1.41614,0.233893,-0.0614788,0.582016,0.810855,-0.233893,-0.238094,0,0.00266028,1.48759,0.868193,
297,0.01,0.0001,14.9368,2000,8.03897,7.96569,1.66569,8.04085,0,0,1146.35,640,0.000616697,1.1877,1.28935,0.101641,-0.0707478,0.58325,0.714229,-0.101641,-0.106972,0,0.00647285,1.46615,0.841879,
298,0.01,0.0001,13.9606,2000,8.23333,8.14662,0.896396,8.23555,0,0,1010.17,640,0.000716533,1.1904,1.38967,0.199261,-0.0606181,0.559644,0.792095,-0.199261,-0.206012,0,0.00584035,1.49393,0.704963,
299,0.01,0.0001,14.0192,2000,8.24455,8.1982,0.814885,8.24574,0,0,1049.94,640,0.000681855,1.19343,1.35731,0.163871,-0.0661835,0.580632,0.784023,-0.163871,-0.173624,0,0.00709864,1.49753,0.680822,
300,0.01,0.0001,13.2628,2000,8.23993,8.18913,0.788778,8.24124,0,0,1083.86,640,0.000721566,1.19681,1.39464,0.197833,-0.0583513,0.561579,0.788544,-0.197833,-0.206123,0,0.0066279,1.46931,0.660312,
301,0.01,0.0001,22.7108,2000,8.10516,8.04568,1.50186,8.10669,0,0,1121.09,640,0.000656379,1.20163,1.33,0.128366,-0.0672371,0.560749,0.731899,-0.128366,-0.13616,0,0.00792297,1.49376,0.664573,
302,0.01,0.0001,13.3932,2000,7.74861,7.73519,2.36456,7.74896,0,0,1305.18,640,0.000404506,1.20661,1.09059,-0.116021,-0.0959407,0.559854,0.659881,0.116021,0.110317,0,0.00556365,1.50701,0.673985,
303,0.01,0.0001,13.1565,2000,7.77817,7.73811,2.39443,7.7792,0,0,1309.11,640,0.000465186,1.20974,1.15304,-0.0567054,-0.085745,0.559368,0.675303,0.0567054,0.0507132,0,0.00540806,1.47513,0.66319,
304,0.01,0.0001,13.415,2000,7.81663,7.80028,2.26636,7.81704,0,0,1278.22,640,0.000457351,1.21155,1.14338,-0.0681798,-0.0852469,0.56393,0.679489,0.0681798,0.0622081,0,0.00566991,1.54576,0.680475,
305,0.01,0.0001,13.1029,2000,8.05011,7.97839,1.8615,8.05195,0,0,1173.01,640,0.000610479,1.21226,1.28433,0.0720634,-0.070137,0.565248,0.71641,-0.0720634,-0.0791056,0,0.00790762,1.56736,0.667995,
306,0.01,0.0001,13.4545,2000,8.31787,8.27667,0.768343,8.31893,0,0,1070.6,640,0.000765248,1.21274,1.44115,0.228399,-0.0579097,0.56031,0.832749,-0.228399,-0.233623,0,0.00694011,1.55667,0.669356,
307,0.01,0.0001,14.5652,2000,8.31059,8.24376,0.645014,8.3123,0,0,1053.65,640,0.000778599,1.2149,1.45306,0.238155,-0.0558318,0.62326,0.836778,-0.238155,-0.242821,0,0.00546518,1.54794,0.818952,
308,0.01,0.0001,12.887,2000,8.3719,8.32683,1.03377,8.37306,0,0,1136.43,640,0.000815291,1.21814,1.48699,0.268844,-0.0560436,0.562505,0.874068,-0.268844,-0.274305,0,0.00537443,1.53293,0.691558,
309,0.01,0.0001,13.0025,2000,8.3753,8.34007,0.22816,8.3762,0,0,926.603,640,0.000828227,1.21896,1.50055,0.281584,-0.0511237,0.558266,0.886693,-0.281584,-0.289967,0,0.00656659,1.60998,0.699975,
310,0.01,0.0001,13.5376,2000,8.2707,8.22339,0.666376,8.27192,0,0,1055.64,640,0.000735865,1.2235,1.4129,0.189388,-0.0581839,0.570364,0.800252,-0.189389,-0.19541,0,0.0056189,1.60843,0.669069,
311,0.01,0.0001,13.2964,2000,8.38158,8.38573,0.35388,8.38147,0,0,1003.45,640,0.000794729,1.22519,1.47336,0.248161,-0.055861,0.509424,0.875011,-0.248161,-0.25402,0,0.00481214,1.6518,0.670957,
312,0.01,0.0001,13.5242,2000,8.28609,8.27472,0.425132,8.28638,0,0,966.45,640,0.000717594,1.22937,1.40522,0.17584,-0.0588393,0.568103,0.80699,-0.17584,-0.182194,0,0.00708229,1.73673,0.691506,
313,0.01,0.0001,14.2697,2000,8.26748,8.21775,0.581599,8.26876,0,0,967.675,640,0.00070096,1.23347,1.38744,0.153963,-0.0615076,0.557871,0.78797,-0.153963,-0.162095,0,0.00394701,1.70386,0.680048,
314,0.01,0.0001,13.3922,2000,8.298,8.23772,0.893419,8.29955,0,0,1029.54,640,0.00075879,1.23767,1.44261,0.20493,-0.0588524,0.565425,0.821384,-0.20493,-0.21225,0,0.00682855,1.76978,0.723591,
315,0.01,0.0001,22.3738,2000,8.36932,8.31914,0.333738,8.3706,0,0,964.807,640,0.000810998,1.23979,1.49206,0.252263,-0.051914,0.56945,0.870677,-0.252263,-0.25693,0,0.0045696,1.72581,0.673332,
316,0.01,0.0001,13.0311,2000,8.33021,8.29832,0.394589,8.33103,0,0,1026.66,640,0.000782135,1.24369,1.46634,0.222643,-0.0546864,0.56548,0.84276,-0.222643,-0.230288,0,0.00734979,1.66709,0.69112,
317,0.01,0.0001,14.3319,2000,8.3294,8.3309,0.159648,8.32936,0,0,973.87,640,0.000758121,1.2466,1.44637,0.19976,-0.0546081,0.601896,0.832553,-0.19976,-0.207198,0,0.00693291,1.60208,0.751275,
318,0.01,0.0001,15.0482,2000,8.30727,8.31367,0.138529,8.3071,0,0,985.306,640,0.00073623,1.25035,1.42998,0.179627,-0.0551992,0.57646,0.8292,-0.179627,-0.185555,0,0.00548898,1.65483,0.670794,
319,0.01,0.0001,14.857,2000,8.33679,8.33835,0.154835,8.33675,0,0,978.898,640,0.000738124,1.25521,1.44074,0.185519,-0.0519344,0.586082,0.864635,-0.185519,-0.191031,0,0.00448652,1.60297,0.700527,
320,0.01,0.0001,14.0321,2000,8.33796,8.33382,0.15267,8.33807,0,0,1001.05,640,0.000756006,1.25864,1.44831,0.189662,-0.054988,0.609894,0.833563,-0.189662,-0.197551,0,0.00775139,1.61643,0.79018,
321,0.01,0.0001,14.2074,2000,8.33545,8.35071,0.164033,8.33505,0,0,966.152,640,0.000759919,1.26259,1.45436,0.191766,-0.0540536,0.640452,0.847082,-0.191766,-0.197399,0,0.00362419,1.60011,0.874741,
322,0.01,0.0001,14.6157,2000,8.34869,8.35397,0.169775,8.34855,0,0,1006.9,640,0.000754083,1.26667,1.45223,0.185553,-0.0549975,0.641576,0.847997,-0.185553,-0.191315,0,0.00636986,1.5832,0.736356,
323,0.01,0.0001,14.0971,2000,8.34164,8.33899,0.155762,8.3417,0,0,1012.63,640,0.000747026,1.27068,1.44529,0.174601,-0.0562235,0.582508,0.837188,-0.174601,-0.180863,0,0.0049723,1.614,0.685012,
324,0.01,0.0001,14.1204,2000,8.33284,8.33075,0.148675,8.3329,0,0,1008.58,640,0.000750982,1.27485,1.45144,0.176585,-0.055083,0.575269,0.838328,-0.176585,-0.185498,0,0.00682798,1.65654,0.792231,
325,0.01,0.0001,13.8786,2000,8.33355,8.34207,0.151314,8.33333,0,0,863.263,640,0.0007333,1.27909,1.43698,0.157893,-0.056218,0.557338,0.836672,-0.157893,-0.166726,0,0.00605194,1.62412,0.656018,
326,0.01,0.0001,13.4285,2000,8.32941,8.33744,0.152522,8.32921,0,0,992.553,640,0.000718145,1.28322,1.42572,0.142493,-0.0568573,0.575406,0.83439,-0.142493,-0.149048,0,0.00597964,1.7017,0.689564,
327,0.01,0.0001,13.6222,2000,8.33769,8.34864,0.17004,8.33741,0,0,969.731,640,0.000748764,1.2871,1.45364,0.166531,-0.0545349,0.533679,0.841535,-0.166531,-0.172443,0,0.00623787,1.68648,0.809643,
328,0.01,0.0001,13.2675,2000,8.32248,8.32931,0.151396,8.32231,0,0,989.722,640,0.000725393,1.29094,1.43172,0.140768,-0.0560705,0.610631,0.826995,-0.140768,-0.146788,0,0.00500504,1.64922,0.723342,
329,0.01,0.0001,14.193,2000,8.32781,8.33657,0.151708,8.32759,0,0,940.777,640,0.000717757,1.29468,1.42563,0.130943,-0.0587672,0.55873,0.821608,-0.130943,-0.13879,0,0.00701602,1.65859,0.694989,
330,0.01,0.0001,13.7726,2000,8.35802,8.36206,0.173567,8.35792,0,0,941.769,640,0.000748575,1.29865,1.4569,0.158243,-0.0548893,0.585663,0.845323,-0.158243,-0.164954,0,0.00525547,1.63315,0.718785,
331,0.01,0.0001,23.6527,2000,8.34515,8.35733,0.156406,8.34484,0,0,1021.36,640,0.000742925,1.30248,1.45283,0.150341,-0.05582,0.578848,0.840725,-0.150341,-0.158437,0,0.00761784,1.67778,0.711625,
332,0.01,0.0001,14.0549,2000,8.35286,8.35215,0.158256,8.35288,0,0,974.605,640,0.000747301,1.30633,1.45682,0.150482,-0.0553065,0.583596,0.842296,-0.150482,-0.153712,0,0.00377719,1.64175,0.701736,
333,0.01,0.0001,13.3675,2000,8.34748,8.35322,0.190911,8.34733,0,0,998.871,640,0.000738636,1.30983,1.4498,0.139963,-0.0557433,0.578697,0.835567,-0.139963,-0.145402,0,0.00431961,1.6156,0.698347,
334,0.01,0.0001,13.4365,2000,8.32267,8.3334,0.142562,8.3224,0,0,964.873,640,0.00071968,1.31349,1.43393,0.120437,-0.057298,0.582853,0.821857,-0.120437,-0.125374,0,0.00483885,1.60699,0.693807,
335,0.01,0.0001,13.4194,2000,8.32757,8.32893,0.144784,8.32753,0,0,1073.5,640,0.000697645,1.31738,1.41442,0.0970277,-0.0593628,0.582524,0.818963,-0.0970277,-0.102369,0,0.00536185,1.56839,0.699463,
336,0.01,0.0001,13.4465,2000,8.31289,8.31686,0.12471,8.31279,0,0,927.957,640,0.000703312,1.32076,1.42001,0.0992511,-0.0576313,0.58438,0.81221,-0.0992511,-0.107783,0,0.0064339,1.57632,0.660063,
337,0.01,0.0001,12.8047,2000,8.30979,8.31155,0.13233,8.30975,0,0,1010.93,640,0.000679964,1.32396,1.39968,0.0757091,-0.0613185,0.58137,0.806782,-0.0757091,-0.080264,0,0.00494173,1.57409,0.69235,
338,0.01,0.0001,13.0321,2000,8.29752,8.30722,0.126371,8.29727,0,0,980.001,640,0.000680476,1.32707,1.40006,0.0729828,-0.0594344,0.582755,0.80392,-0.0729828,-0.0801801,0,0.00680844,1.54982,0.695022,
339,0.01,0.0001,13.6402,2000,8.31305,8.3165,0.131072,8.31296,0,0,943.407,640,0.000685928,1.33033,1.40738,0.077047,-0.0602307,0.686166,0.811063,-0.077047,-0.0829526,0,0.00649745,1.58492,0.769829,
340,0.01,0.0001,13.5615,2000,8.33654,8.3446,0.163496,8.33634,0,0,925.424,640,0.000710342,1.33311,1.43111,0.097995,-0.0575036,0.622727,0.82551,-0.0979951,-0.104574,0,0.00644048,1.65926,0.757513,
341,0.01,0.0001,13.603,2000,8.3411,8.3487,0.167763,8.3409,0,0,958.852,640,0.000700333,1.33588,1.42425,0.0883631,-0.0592312,0.59265,0.828795,-0.0883631,-0.0943974,0,0.00669539,1.66183,0.694939,
342,0.01,0.0001,15.0519,2000,8.38068,8.38764,0.235335,8.38051,0,0,978.368,640,0.000731857,1.33929,1.45306,0.113769,-0.0597456,0.69383,0.844624,-0.113769,-0.11982,0,0.00491935,1.68621,0.857721,
343,0.01,0.0001,15.0319,2000,8.37171,8.36144,0.346556,8.37197,0,0,944.902,640,0.000717281,1.34219,1.44004,0.0978478,-0.062217,0.666468,0.841722,-0.0978478,-0.103543,0,0.00603312,1.63695,1.19038,
344,0.01,0.0001,14.2106,2000,8.37131,8.35739,0.276554,8.37167,0,0,963.532,640,0.000727986,1.34502,1.44975,0.104724,-0.0579684,0.670324,0.838883,-0.104724,-0.112567,0,0.00671211,1.68648,0.754121,
345,0.01,0.0001,14.1515,2000,8.36005,8.34314,0.480404,8.36049,0,0,1073.64,640,0.000687586,1.34866,1.41952,0.070857,-0.0620775,0.56732,0.848581,-0.070857,-0.0785532,0,0.0067635,1.7168,0.700641,
346,0.01,0.0001,24.4179,2000,8.31431,8.29425,0.463705,8.31482,0,0,991.776,640,0.0006378,1.3511,1.36987,0.018764,-0.0674259,0.63158,0.823275,-0.018764,-0.0245976,0,0.00623116,1.75775,0.795281,
347,0.01,0.0001,13.9983,2000,8.34513,8.31109,0.577849,8.346,0,0,950.492,640,0.000682283,1.35365,1.39713,0.043476,-0.0765147,0.592302,0.814698,-0.043476,-0.0488777,0,0.005861,1.73397,0.772947,
348,0.01,0.0001,13.772,2000,8.3786,8.36306,0.669594,8.37899,0,0,1069.71,640,0.000722247,1.35576,1.43889,0.0831158,-0.0723099,0.659677,0.85558,-0.0831158,-0.0895475,0,0.00634791,1.69583,0.791417,
349,0.01,0.0001,13.7499,2000,8.30915,8.27491,0.835428,8.31002,0,0,1026.55,640,0.000658524,1.35907,1.37949,0.020414,-0.0773645,0.599005,0.808652,-0.020414,-0.031028,0,0.00751746,1.69307,0.688523,
350,0.01,0.0001,13.9554,2000,8.33694,8.28261,0.767423,8.33833,0,0,1105.2,640,0.000665874,1.36094,1.39468,0.0337344,-0.0713268,0.574092,0.835259,-0.0337343,-0.0388877,0,0.0065029,1.68855,0.763772,
351,0.01,0.0001,15.0108,2000,8.46243,8.44441,0.654088,8.46289,0,0,986.687,640,0.000776629,1.36096,1.47986,0.118897,-0.0766951,0.57899,0.87,-0.118897,-0.126009,0,0.00768753,1.6895,0.738448,
352,0.01,0.0001,13.8297,2000,8.14148,8.0402,1.37023,8.14408,0,0,1192.34,640,0.000588081,1.36488,1.29341,-0.0714809,-0.0913081,0.601949,0.744355,0.0714809,0.0674474,0,0.0053972,1.6693,0.656678,
353,0.01,0.0001,14.464,2000,8.31347,8.22951,0.967117,8.31562,0,0,1059.48,640,0.000660259,1.36697,1.37858,0.0116051,-0.0786611,0.605899,0.808538,-0.011605,-0.0185371,0,0.00570566,1.66349,0.713634,
354,0.01,0.0001,13.7498,2000,7.97286,7.85178,1.65974,7.97597,0,0,1237.44,640,0.000378958,1.36974,1.11142,-0.258345,-0.0907656,0.625293,0.75747,0.258345,0.254696,0,0.00542725,1.6168,0.7124,
355,0.01,0.0001,13.7016,2000,8.31438,8.24165,1.05692,8.31625,0,0,1111.6,640,0.000670968,1.36783,1.37723,0.00938744,-0.0833596,0.638675,0.80169,-0.00938744,-0.0154996,0,0.00613389,1.58163,0.787387,
356,0.01,0.0001,14.0159,2000,8.35825,8.32518,0.973116,8.35909,0,0,1119.4,640,0.000698775,1.36872,1.41207,0.043346,-0.0778819,0.632235,0.821097,-0.043346,-0.0487132,0,0.00461078,1.60355,0.764123,
357,0.01,0.0001,13.8194,2000,8.18458,8.09301,1.23534,8.18693,0,0,1105.39,640,0.000629151,1.36919,1.33146,-0.0377446,-0.0906649,0.65293,0.759471,0.0377446,0.0297449,0,0.00567035,1.62147,0.805005,
358,0.01,0.0001,13.8433,2000,8.25736,8.18788,1.06843,8.25914,0,0,1151.63,640,0.000616767,1.36993,1.34959,-0.0203374,-0.076984,0.634655,0.812476,0.0203374,0.0143341,0,0.00600807,1.64511,0.802909,
359,0.01,0.0001,13.6973,2000,8.32773,8.28794,0.77466,8.32875,0,0,1047.13,640,0.000672649,1.36907,1.38784,0.01876,-0.0796872,0.643981,0.809298,-0.01876,-0.0262629,0,0.00596582,1.69334,0.831349,
360,0.01,0.0001,14.2183,2000,8.2538,8.20279,0.916843,8.2551,0,0,1127.73,640,0.000613357,1.36942,1.33219,-0.037242,-0.0850407,0.617548,0.782029,0.037242,0.0307312,0,0.00553754,1.62703,0.823954,
361,0.01,0.0001,23.9456,2000,8.42527,8.40993,0.548314,8.42566,0,0,1006.29,640,0.000750363,1.36832,1.459,0.0906765,-0.0772977,0.602215,0.861465,-0.0906765,-0.0965596,0,0.00652789,1.64408,0.718902,
362,0.01,0.0001,13.3374,2000,8.3315,8.29685,0.905048,8.33238,0,0,1132.59,640,0.000666707,1.36929,1.38819,0.0188927,-0.0786408,0.606849,0.812016,-0.0188927,-0.0256028,0,0.00734755,1.56243,0.721711,
363,0.01,0.0001,12.9639,2000,8.40519,8.38096,0.453671,8.40581,0,0,1051.63,640,0.000726288,1.36814,1.43576,0.0676137,-0.0772508,0.613219,0.837194,-0.0676137,-0.0732278,0,0.00527485,1.5269,0.724378,
364,0.01,0.0001,13.733,2000,8.24307,8.19403,0.877647,8.24433,0,0,1088.73,640,0.000573257,1.37034,1.3062,-0.0641474,-0.0791741,0.631373,0.7945,0.0641474,0.0570196,0,0.00562051,1.4917,0.737727,
365,0.01,0.0001,13.7063,2000,8.23727,8.16134,0.789188,8.23922,0,0,1101.09,640,0.000580594,1.37002,1.31291,-0.0571073,-0.0784295,0.679616,0.795533,0.0571073,0.0500746,0,0.00714231,1.54093,0.674978,
366,0.01,0.0001,13.8407,2000,7.96226,7.82175,1.42164,7.96587,0,0,1180.18,640,0.000359141,1.37161,1.09618,-0.275451,-0.0947531,0.613463,0.751028,0.275451,0.270335,0,0.0061332,1.55687,0.75402,
367,0.01,0.0001,13.4948,2000,8.24206,8.17573,0.796217,8.24376,0,0,1032.61,640,0.000596081,1.36861,1.32128,-0.0473386,-0.0798487,0.635692,0.783615,0.0473386,0.0425102,0,0.00532041,1.51633,0.727191,
368,0.01,0.0001,13.3571,2000,8.28332,8.2467,0.68613,8.28426,0,0,1093.81,640,0.000607942,1.36711,1.33584,-0.0312685,-0.0788465,0.609512,0.80253,0.0312684,0.0229335,0,0.00720306,1.56978,0.736874,
369,0.01,0.0001,13.3431,2000,8.28077,8.19472,0.764226,8.28298,0,0,1000.03,640,0.00061888,1.36674,1.34222,-0.0245297,-0.0779245,0.614815,0.792021,0.0245297,0.0178564,0,0.00611588,1.55297,0.862074,
370,0.01,0.0001,12.8029,2000,8.37179,8.32247,0.439685,8.37305,0,0,985.602,640,0.000686782,1.364,1.40031,0.0363056,-0.0761964,0.615583,0.815912,-0.0363055,-0.0427563,0,0.00608274,1.53013,0.697816,
371,0.01,0.0001,13.6236,2000,8.35039,8.29435,0.771903,8.35182,0,0,1052.1,640,0.000674922,1.3644,1.38803,0.0236219,-0.077572,0.652397,0.810831,-0.0236219,-0.0293111,0,0.00515395,1.4846,0.682699,
372,0.01,0.0001,13.0239,2000,8.39156,8.34437,0.586838,8.39277,0,0,1041.87,640,0.000695764,1.36332,1.41309,0.0497652,-0.0759155,0.62996,0.839504,-0.0497652,-0.0562173,0,0.00629931,1.49095,1.24889,
373,0.01,0.0001,12.9038,2000,8.26638,8.20655,1.02314,8.26791,0,0,1128.54,640,0.000596768,1.36375,1.32286,-0.0409054,-0.0785284,0.558516,0.793216,0.0409054,0.0355232,0,0.00623591,1.44183,0.726596,
374,0.01,0.0001,13.4402,2000,8.37998,8.31356,0.686067,8.38168,0,0,1004.58,640,0.000697324,1.3624,1.40805,0.0456441,-0.0781729,0.619688,0.825198,-0.0456442,-0.0516928,0,0.00550498,1.40276,0.722557,
375,0.01,0.0001,13.6684,2000,8.32574,8.26636,0.760392,8.32727,0,0,1058.66,640,0.000645761,1.3621,1.36368,0.00157153,-0.0783103,0.676372,0.811556,-0.00157153,-0.0089205,0,0.00548303,1.43039,0.779168,
376,0.01,0.0001,14.0235,2000,8.38889,8.35054,0.55027,8.38987,0,0,977.61,640,0.000689401,1.36043,1.40433,0.0438984,-0.0759374,0.703711,0.824043,-0.0438984,-0.0486264,0,0.00459105,1.41463,0.740807,
377,0.01,0.0001,13.6145,2000,8.30282,8.25019,0.544252,8.30417,0,0,1064.94,640,0.000622382,1.36031,1.34108,-0.0192406,-0.0798176,0.667802,0.791299,0.0192406,0.0106659,0,0.00827356,1.38505,0.736077,
378,0.01,0.0001,24.1338,2000,8.34988,8.31432,0.457809,8.35079,0,0,966.467,640,0.000662483,1.35928,1.37704,0.0177559,-0.0780281,0.63215,0.806057,-0.0177559,-0.0243708,0,0.00718502,1.4031,0.74245,
379,0.01,0.0001,12.9288,2000,8.33161,8.29844,0.522188,8.33247,0,0,1066.91,640,0.000657963,1.3589,1.36911,0.0102096,-0.0801252,0.623157,0.797209,-0.0102096,-0.0171358,0,0.00538846,1.41235,0.743243,
380,0.01,0.0001,13.3787,2000,8.31848,8.28093,0.544929,8.31944,0,0,997.571,640,0.000629617,1.35879,1.34559,-0.0132042,-0.0803463,0.624817,0.792174,0.0132042,0.00619609,0,0.00578751,1.37081,0.751008,
381,0.01,0.0001,13.9097,2000,8.39894,8.36634,0.394189,8.39977,0,0,1030.76,640,0.000693796,1.35779,1.40583,0.0480302,-0.0767934,0.620812,0.829345,-0.0480302,-0.0554293,0,0.00539029,1.36627,0.747461,
382,0.01,0.0001,13.3871,2000,8.32579,8.26462,0.578135,8.32736,0,0,1056.72,640,0.000633078,1.3584,1.34951,-0.00889271,-0.0784253,0.64663,0.794419,0.00889271,0.00322823,0,0.0052808,1.35055,0.767534,
383,0.01,0.0001,13.4496,2000,8.27656,8.21918,0.623496,8.27803,0,0,1025.54,640,0.000588776,1.35788,1.31282,-0.0450687,-0.0797844,0.630503,0.786073,0.0450687,0.0417037,0,0.00485301,1.38031,0.766088,
384,0.01,0.0001,13.2036,2000,8.27994,8.21839,0.72088,8.28152,0,0,1099.9,640,0.000590678,1.35788,1.31314,-0.0447437,-0.0814567,0.626763,0.789995,0.0447437,0.039976,0,0.00688152,1.3442,0.741856,
385,0.01,0.0001,13.1714,2000,8.30804,8.26976,0.684517,8.30902,0,0,1084.72,640,0.000599644,1.35755,1.33079,-0.0267595,-0.0746362,0.62765,0.808917,0.0267595,0.0202514,0,0.00659211,1.34477,0.706081,
386,0.01,0.0001,13.1889,2000,7.68006,7.53751,2.0119,7.68372,0,0,1296.47,640,0.00017741,1.36029,0.908003,-0.452305,-0.119647,0.624522,0.814851,0.452305,0.447746,0,0.00522362,1.27694,0.70813,
387,0.01,0.0001,13.2138,2000,8.31248,8.23176,0.721882,8.31455,0,0,1061.41,640,0.000629818,1.35462,1.34602,-0.00859838,-0.0794039,0.650079,0.791735,0.0085984,0.00160611,0,0.00665794,1.36349,0.792243,
388,0.01,0.0001,13.9456,2000,7.56461,7.43218,2.10841,7.568,0,0,1310.91,640,6.91342e-05,1.35773,0.814127,-0.543616,-0.123064,0.636565,0.898365,0.543616,0.537699,0,0.00704508,1.27365,0.717289,
389,0.01,0.0001,13.3294,2000,8.29504,8.23301,0.858155,8.29663,0,0,1075.6,640,0.000611584,1.35042,1.33099,-0.0194402,-0.0782186,0.60437,0.802024,0.0194402,0.0144417,0,0.00640872,1.33884,0.747825,
390,0.01,0.0001,13.4061,2000,7.83549,7.72017,1.71048,7.83845,0,0,1268.62,640,0.000267943,1.34979,1.00123,-0.348574,-0.105314,0.63283,0.774136,0.348574,0.344061,0,0.00674872,1.25499,0.754114,
391,0.01,0.0001,13.1844,2000,8.12109,8.04659,1.20713,8.123,0,0,1099.11,640,0.000486218,1.34439,1.20507,-0.139331,-0.093364,0.629098,0.745698,0.139331,0.133737,0,0.0062045,1.25778,0.711027,
392,0.01,0.0001,13.3025,2000,8.36513,8.31665,0.731861,8.36637,0,0,1073.35,640,0.000661064,1.33985,1.37439,0.0345334,-0.0770277,0.573748,0.817513,-0.0345334,-0.039784,0,0.00628536,1.26399,0.75445,
393,0.01,0.0001,13.0922,2000,8.36083,8.28402,0.869663,8.3628,0,0,1007.99,640,0.000650649,1.33683,1.36694,0.0301114,-0.0762268,0.595078,0.822309,-0.0301114,-0.0362989,0,0.00736831,1.28856,0.752252,
394,0.01,0.0001,24.6458,2000,7.80139,7.68325,1.79721,7.80442,0,0,1256.16,640,0.00026627,1.33637,0.991397,-0.344991,-0.105813,0.630834,0.75871,0.344991,0.337177,0,0.00636065,1.19166,0.760248,
395,0.01,0.0001,13.2654,2000,7.92955,7.81269,1.72336,7.93255,0,0,1227.28,640,0.000349438,1.33216,1.05536,-0.27682,-0.105541,0.632996,0.726262,0.27682,0.271437,0,0.00745296,1.18204,0.763711,
396,0.01,0.0001,13.5322,2000,8.3579,8.31663,0.602235,8.35896,0,0,1032.01,640,0.000649695,1.32524,1.36035,0.0351008,-0.074977,0.636052,0.809828,-0.0351008,-0.040583,0,0.00779673,1.21108,0.749778,
397,0.01,0.0001,13.5732,2000,8.1677,8.0672,1.04462,8.17028,0,0,1113.2,640,0.000509119,1.32337,1.23402,-0.0893562,-0.0829846,0.642051,0.756923,0.0893562,0.0833167,0,0.00545839,1.2136,0.752354,
398,0.01,0.0001,13.4292,2000,7.91546,7.77471,1.43579,7.91906,0,0,1202.22,640,0.000309908,1.32159,1.03154,-0.290055,-0.0998743,0.620007,0.735395,0.290055,0.283971,0,0.0087994,1.17674,0.559103,
399,0.01,0.0001,9.2773,473,7.29202,7.90688,4.22235,7.27629,2,1,410.022,640,-0.000272505,1.32362,0.418514,-0.905102,-0.118374,0.633771,1.39627,0.858985,0.854581,0,0.00605712,1.12815,0.869044,
400,0.01,0.0001,10.4134,991.333,7.31249,7.68447,3.76986,7.30297,2,1,801.65,640,-0.000126399,1.32021,0.45683,-0.863379,-0.132185,0.631324,1.73569,0.975209,0.971483,0,0.00776225,1.12718,0.838674,
401,0.01,0.0001,9.41972,641.571,5.30626,4.63843,2.18922,5.31696,1.14286,0.571429,549.37,640,-0.000466658,1.31983,0.369764,-0.950057,-0.115784,0.650661,0.964745,0.460419,0.452899,0,0.00848224,1.20823,0.77021,
402,0.01,0.0001,10.6134,983,7.31106,7.69728,4.02123,7.30117,2,1,818.96,640,-6.24066e-05,1.29764,0.512859,-0.784784,-0.13029,0.642403,1.2369,0.7906,0.785929,0,0.00676053,1.19117,0.96808,
403,0.01,0.0001,11.5842,1240.5,7.33033,7.54512,3.74039,7.32483,2,1,1041.81,640,-0.000105945,1.29631,0.448669,-0.847643,-0.140237,0.631547,1.81399,0.982281,0.979426,0,0.00726463,1.19455,0.900621,
404,0.01,0.0001,8.59383,174.091,2.68133,2.85263,1.46064,2.67695,0.727273,0.363636,151.333,640,-0.000683479,1.29679,0.25809,-1.0387,-0.105701,0.651287,1.98629,1.01662,1.01443,0,0.00737608,1.16987,1.13743,
405,0.01,0.0001,,,,,,,,,,,,,,,,,,,,,,,,
